{"v":"5.7.4","fr":30,"ip":0,"op":75,"w":1080,"h":1080,"nm":"Object_4","ddd":0,"assets":[{"id":"comp_0","layers":[{"ddd":0,"ind":1,"ty":4,"nm":"star","sr":1,"ks":{"o":{"a":0,"k":100,"ix":11},"r":{"a":1,"k":[{"i":{"x":[0.833],"y":[0.833]},"o":{"x":[0.167],"y":[0.167]},"t":0,"s":[0]},{"i":{"x":[0.833],"y":[0.833]},"o":{"x":[0.167],"y":[0.167]},"t":30,"s":[360]},{"i":{"x":[0.833],"y":[0.833]},"o":{"x":[0.167],"y":[0.167]},"t":60,"s":[720]},{"i":{"x":[0.833],"y":[0.833]},"o":{"x":[0.167],"y":[0.167]},"t":90,"s":[1080]},{"i":{"x":[0.833],"y":[0.833]},"o":{"x":[0.167],"y":[0.167]},"t":120,"s":[1440]},{"t":150,"s":[1800]}],"ix":10},"p":{"a":0,"k":[50,50,0],"ix":2,"l":2},"a":{"a":0,"k":[22.839,21.821,0],"ix":1,"l":2},"s":{"a":0,"k":[111,111,100],"ix":6,"l":2}},"ao":0,"shapes":[{"ty":"gr","it":[{"ind":0,"ty":"sh","ix":1,"ks":{"a":0,"k":{"i":[[2.736,1.511],[0,0],[1.11,-0.555],[0,0],[-0.592,3.07],[0,0],[0.871,0.885],[0,0],[-3.103,0.386],[0,0],[-0.572,1.102],[0,0],[-1.327,-2.831],[0,0],[-1.224,-0.204],[0,0],[2.282,-2.135],[0,0],[-0.185,-1.227],[0,0]],"o":[[0,0],[-1.087,-0.6],[0,0],[-2.796,1.398],[0,0],[0.236,-1.219],[0,0],[-2.193,-2.227],[0,0],[1.232,-0.153],[0,0],[1.44,-2.774],[0,0],[0.526,1.124],[0,0],[3.083,0.513],[0,0],[-0.906,0.848],[0,0],[0.466,3.091]],"v":[[8.413,19.633],[1.358,15.739],[-2.151,15.667],[-9.359,19.269],[-14.748,15.182],[-13.224,7.27],[-14.239,3.91],[-19.893,-1.832],[-17.67,-8.22],[-9.675,-9.215],[-6.793,-11.219],[-3.08,-18.371],[3.684,-18.231],[7.101,-10.935],[9.896,-8.813],[17.845,-7.492],[19.803,-1.018],[13.918,4.487],[12.766,7.803],[13.964,15.771]],"c":true},"ix":2},"nm":"Path 1","mn":"ADBE Vector Shape - Group","hd":false},{"ty":"fl","c":{"k":[{"s":[1,0.529,0.286,1],"t":0,"i":{"x":[1],"y":[1]},"o":{"x":[0],"y":[0]}},{"s":[1,0.529,0.286,1],"t":67,"i":{"x":[1],"y":[1]},"o":{"x":[0],"y":[0]}}]},"o":{"a":0,"k":100,"ix":5},"r":1,"bm":0,"nm":"Fill 1","mn":"ADBE Vector Graphic - Fill","hd":false},{"ty":"tr","p":{"a":0,"k":[22.829,21.967],"ix":2},"a":{"a":0,"k":[0,0],"ix":1},"s":{"a":0,"k":[100,100],"ix":3},"r":{"a":0,"k":0,"ix":6},"o":{"a":0,"k":100,"ix":7},"sk":{"a":0,"k":0,"ix":4},"sa":{"a":0,"k":0,"ix":5},"nm":"Transform"}],"nm":"Group 1","np":2,"cix":2,"bm":0,"ix":1,"mn":"ADBE Vector Group","hd":false}],"ip":0,"op":154,"st":0,"bm":0}]},{"id":"comp_1","layers":[{"ddd":0,"ind":1,"ty":4,"nm":"diamond","sr":1,"ks":{"o":{"a":0,"k":100,"ix":11},"r":{"a":1,"k":[{"i":{"x":[0.833],"y":[0.833]},"o":{"x":[0.167],"y":[0.167]},"t":0,"s":[0]},{"i":{"x":[0.833],"y":[0.833]},"o":{"x":[0.167],"y":[0.167]},"t":30,"s":[360]},{"i":{"x":[0.833],"y":[0.833]},"o":{"x":[0.167],"y":[0.167]},"t":60,"s":[720]},{"i":{"x":[0.833],"y":[0.833]},"o":{"x":[0.167],"y":[0.167]},"t":90,"s":[1080]},{"i":{"x":[0.833],"y":[0.833]},"o":{"x":[0.167],"y":[0.167]},"t":120,"s":[1440]},{"t":150,"s":[1800]}],"ix":10},"p":{"a":0,"k":[50,50,0],"ix":2,"l":2},"a":{"a":0,"k":[21.954,21.319,0],"ix":1,"l":2},"s":{"a":0,"k":[147,147,100],"ix":6,"l":2}},"ao":0,"shapes":[{"ty":"gr","it":[{"ind":0,"ty":"sh","ix":1,"ks":{"a":0,"k":{"i":[[2.335,2.336],[0,0],[-2.336,2.335],[0,0],[-2.336,-2.336],[0,0],[2.335,-2.336],[0,0]],"o":[[0,0],[-2.336,-2.336],[0,0],[2.335,-2.336],[0,0],[2.335,2.335],[0,0],[-2.336,2.336]],"v":[[-4.228,18.524],[-18.524,4.229],[-18.524,-4.229],[-4.228,-18.524],[4.229,-18.524],[18.525,-4.229],[18.525,4.229],[4.229,18.524]],"c":true},"ix":2},"nm":"Path 1","mn":"ADBE Vector Shape - Group","hd":false},{"ty":"fl","c":{"k":[{"s":[0.337,0.686,1,1],"t":0,"i":{"x":[1],"y":[1]},"o":{"x":[0],"y":[0]}},{"s":[0.337,0.686,1,1],"t":67,"i":{"x":[1],"y":[1]},"o":{"x":[0],"y":[0]}}]},"o":{"a":0,"k":100,"ix":5},"r":1,"bm":0,"nm":"Fill 1","mn":"ADBE Vector Graphic - Fill","hd":false},{"ty":"tr","p":{"a":0,"k":[21.954,21.319],"ix":2},"a":{"a":0,"k":[0,0],"ix":1},"s":{"a":0,"k":[100,100],"ix":3},"r":{"a":0,"k":0,"ix":6},"o":{"a":0,"k":100,"ix":7},"sk":{"a":0,"k":0,"ix":4},"sa":{"a":0,"k":0,"ix":5},"nm":"Transform"}],"nm":"Group 1","np":2,"cix":2,"bm":0,"ix":1,"mn":"ADBE Vector Group","hd":false}],"ip":0,"op":155,"st":0,"bm":0}]},{"id":"comp_2","layers":[{"ddd":0,"ind":1,"ty":4,"nm":"cross","sr":1,"ks":{"o":{"a":0,"k":100,"ix":11},"r":{"a":1,"k":[{"i":{"x":[0.833],"y":[0.833]},"o":{"x":[0.167],"y":[0.167]},"t":0,"s":[0]},{"i":{"x":[0.833],"y":[0.833]},"o":{"x":[0.167],"y":[0.167]},"t":70,"s":[360]},{"i":{"x":[0.833],"y":[0.833]},"o":{"x":[0.167],"y":[0.167]},"t":140,"s":[720]},{"t":210,"s":[1080]}],"ix":10},"p":{"a":0,"k":[50,50,0],"ix":2,"l":2},"a":{"a":0,"k":[23.855,23.319,0],"ix":1,"l":2},"s":{"a":0,"k":[106,106,100],"ix":6,"l":2}},"ao":0,"shapes":[{"ty":"gr","it":[{"ind":0,"ty":"sh","ix":1,"ks":{"a":0,"k":{"i":[[3.928,0],[0,0],[0,3.926],[0,0],[3.928,0],[0,-3.928],[0,0],[3.928,0],[0,0],[0,-3.927],[-3.928,0],[0,0],[0,-3.928],[0,0],[-3.928,0],[0,3.928],[0,0],[-3.928,0],[0,0],[0,3.928]],"o":[[0,0],[-3.928,0],[0,0],[0,-3.928],[-3.928,0],[0,0],[0,3.926],[0,0],[-3.928,0],[0,3.928],[0,0],[3.928,0],[0,0],[0,3.928],[3.928,0],[0,0],[0,-3.928],[0,0],[3.928,0],[0,-3.927]],"v":[[15.873,-7.112],[14.224,-7.112],[7.112,-14.223],[7.112,-15.872],[0.001,-22.984],[-7.112,-15.872],[-7.112,-14.223],[-14.223,-7.112],[-15.871,-7.112],[-22.984,-0.001],[-15.871,7.112],[-14.223,7.112],[-7.112,14.223],[-7.112,15.871],[0.001,22.984],[7.112,15.871],[7.112,14.223],[14.224,7.112],[15.873,7.112],[22.984,-0.001]],"c":true},"ix":2},"nm":"Path 1","mn":"ADBE Vector Shape - Group","hd":false},{"ty":"fl","c":{"k":[{"s":[1,0.216,0.776,1],"t":0,"i":{"x":[1],"y":[1]},"o":{"x":[0],"y":[0]}},{"s":[1,0.216,0.776,1],"t":67,"i":{"x":[1],"y":[1]},"o":{"x":[0],"y":[0]}}]},"o":{"a":0,"k":100,"ix":5},"r":1,"bm":0,"nm":"Fill 1","mn":"ADBE Vector Graphic - Fill","hd":false},{"ty":"tr","p":{"a":0,"k":[23.855,23.319],"ix":2},"a":{"a":0,"k":[0,0],"ix":1},"s":{"a":0,"k":[100,100],"ix":3},"r":{"a":0,"k":0,"ix":6},"o":{"a":0,"k":100,"ix":7},"sk":{"a":0,"k":0,"ix":4},"sa":{"a":0,"k":0,"ix":5},"nm":"Transform"}],"nm":"Group 1","np":2,"cix":2,"bm":0,"ix":1,"mn":"ADBE Vector Group","hd":false}],"ip":0,"op":217,"st":0,"bm":0}]},{"id":"comp_3","layers":[{"ddd":0,"ind":1,"ty":4,"nm":"circle","sr":1,"ks":{"o":{"a":0,"k":100,"ix":11},"r":{"a":0,"k":0,"ix":10},"p":{"a":0,"k":[50,50,0],"ix":2,"l":2},"a":{"a":0,"k":[966.94,510.978,0],"ix":1,"l":2},"s":{"a":0,"k":[100,100,100],"ix":6,"l":2}},"ao":0,"shapes":[{"ty":"gr","it":[{"ind":0,"ty":"sh","ix":1,"ks":{"a":0,"k":{"i":[[0,-12.324],[12.324,0],[0,12.324],[-12.325,0]],"o":[[0,12.324],[-12.325,0],[0,-12.324],[12.324,0]],"v":[[22.315,0],[0,22.314],[-22.315,0],[0,-22.314]],"c":true},"ix":2},"nm":"Path 1","mn":"ADBE Vector Shape - Group","hd":false},{"ty":"fl","c":{"k":[{"s":[1,0.827,0.047,1],"t":0,"i":{"x":[1],"y":[1]},"o":{"x":[0],"y":[0]}},{"s":[1,0.827,0.047,1],"t":67,"i":{"x":[1],"y":[1]},"o":{"x":[0],"y":[0]}}]},"o":{"a":0,"k":100,"ix":5},"r":1,"bm":0,"nm":"Fill 1","mn":"ADBE Vector Graphic - Fill","hd":false},{"ty":"tr","p":{"a":0,"k":[966.94,510.978],"ix":2},"a":{"a":0,"k":[0,0],"ix":1},"s":{"a":0,"k":[100,100],"ix":3},"r":{"a":0,"k":0,"ix":6},"o":{"a":0,"k":100,"ix":7},"sk":{"a":0,"k":0,"ix":4},"sa":{"a":0,"k":0,"ix":5},"nm":"Transform"}],"nm":"Group 1","np":2,"cix":2,"bm":0,"ix":1,"mn":"ADBE Vector Group","hd":false}],"ip":0,"op":154,"st":0,"bm":0}]},{"id":"comp_4","layers":[{"ddd":0,"ind":1,"ty":4,"nm":"zig zag","sr":1,"ks":{"o":{"a":0,"k":100,"ix":11},"r":{"a":1,"k":[{"i":{"x":[0.833],"y":[0.833]},"o":{"x":[0.167],"y":[0.167]},"t":0,"s":[0]},{"i":{"x":[0.833],"y":[0.833]},"o":{"x":[0.167],"y":[0.167]},"t":60,"s":[360]},{"i":{"x":[0.833],"y":[0.833]},"o":{"x":[0.167],"y":[0.167]},"t":120,"s":[720]},{"t":180,"s":[1080]}],"ix":10},"p":{"a":0,"k":[50,50,0],"ix":2,"l":2},"a":{"a":0,"k":[32.054,16.802,0],"ix":1,"l":2},"s":{"a":0,"k":[100,100,100],"ix":6,"l":2}},"ao":0,"shapes":[{"ty":"gr","it":[{"ind":0,"ty":"sh","ix":1,"ks":{"a":0,"k":{"i":[[-2.604,2.463],[0,0],[2.563,2.709],[2.71,-2.563],[0,0],[2.604,2.464],[0,0],[2.604,-2.464],[0,0],[-2.564,-2.71],[-2.71,2.563],[0,0],[-2.604,-2.463],[0,0]],"o":[[0,0],[2.709,-2.564],[-2.564,-2.71],[0,0],[-2.604,2.463],[0,0],[-2.604,-2.464],[0,0],[-2.709,2.564],[2.563,2.71],[0,0],[2.604,-2.463],[0,0],[2.604,2.464]],"v":[[14.163,13.912],[28.294,0.543],[28.559,-9.005],[19.01,-9.27],[14.163,-4.683],[4.88,-4.683],[-4.877,-13.912],[-14.16,-13.912],[-28.294,-0.543],[-28.558,9.006],[-19.01,9.271],[-14.16,4.683],[-4.877,4.683],[4.88,13.912]],"c":true},"ix":2},"nm":"Path 1","mn":"ADBE Vector Shape - Group","hd":false},{"ty":"fl","c":{"k":[{"s":[1,0.973,0.937,1],"t":0,"i":{"x":[1],"y":[1]},"o":{"x":[0],"y":[0]}},{"s":[1,0.973,0.937,1],"t":67,"i":{"x":[1],"y":[1]},"o":{"x":[0],"y":[0]}}]},"o":{"a":0,"k":100,"ix":5},"r":1,"bm":0,"nm":"Fill 1","mn":"ADBE Vector Graphic - Fill","hd":false},{"ty":"tr","p":{"a":0,"k":[32.054,16.803],"ix":2},"a":{"a":0,"k":[0,0],"ix":1},"s":{"a":0,"k":[100,100],"ix":3},"r":{"a":0,"k":0,"ix":6},"o":{"a":0,"k":100,"ix":7},"sk":{"a":0,"k":0,"ix":4},"sa":{"a":0,"k":0,"ix":5},"nm":"Transform"}],"nm":"Group 1","np":2,"cix":2,"bm":0,"ix":1,"mn":"ADBE Vector Group","hd":false}],"ip":0,"op":185,"st":0,"bm":0}]}],"layers":[{"ddd":0,"ind":1,"ty":4,"nm":"trophy","sr":1,"ks":{"o":{"a":0,"k":100,"ix":11},"r":{"a":0,"k":0,"ix":10},"p":{"a":0,"k":[540.092,614.871,0],"ix":2,"l":2},"a":{"a":0,"k":[238.5,342.5,0],"ix":1,"l":2},"s":{"a":1,"k":[{"i":{"x":[0.53,0.53,0.667],"y":[1,1,1]},"o":{"x":[0.628,0.628,0.333],"y":[0,0,0]},"t":0,"s":[106.2,106.2,100]},{"i":{"x":[0,0,0.667],"y":[1,1,1]},"o":{"x":[0.851,0.851,0.333],"y":[0,0,0]},"t":10,"s":[79.65,79.65,100]},{"i":{"x":[0.667,0.667,0.667],"y":[1,1,1]},"o":{"x":[0.471,0.471,0.333],"y":[0,0,0]},"t":15,"s":[116.82,116.82,100]},{"i":{"x":[0.667,0.667,0.667],"y":[1,1,1]},"o":{"x":[0.333,0.333,0.333],"y":[0,0,0]},"t":21,"s":[100.89,100.89,100]},{"i":{"x":[0.667,0.667,0.667],"y":[1,1,1]},"o":{"x":[0.333,0.333,0.333],"y":[0,0,0]},"t":28,"s":[111.51,111.51,100]},{"t":37,"s":[106.2,106.2,100]}],"ix":6,"l":2}},"ao":0,"shapes":[{"ty":"gr","it":[{"ind":0,"ty":"sh","ix":1,"ks":{"a":0,"k":{"i":[[-30.668,2.572],[21.504,7.976],[0.452,-0.855],[-1.6,-0.332]],"o":[[0,0],[-0.907,-0.336],[-0.763,1.445],[11.38,2.367]],"v":[[35.144,3.928],[-32.026,-6.164],[-34.381,-5.032],[-32.492,-1.807]],"c":true},"ix":2},"nm":"Path 1","mn":"ADBE Vector Shape - Group","hd":false},{"ty":"fl","c":{"a":0,"k":[1,1,1,1],"ix":4},"o":{"a":0,"k":50,"ix":5},"r":1,"bm":0,"nm":"Fill 1","mn":"ADBE Vector Graphic - Fill","hd":false},{"ty":"tr","p":{"a":0,"k":[203.27,525.413],"ix":2},"a":{"a":0,"k":[0,0],"ix":1},"s":{"a":0,"k":[100,100],"ix":3},"r":{"a":0,"k":0,"ix":6},"o":{"a":0,"k":100,"ix":7},"sk":{"a":0,"k":0,"ix":4},"sa":{"a":0,"k":0,"ix":5},"nm":"Transform"}],"nm":"Group 1","np":2,"cix":2,"bm":0,"ix":1,"mn":"ADBE Vector Group","hd":false},{"ty":"gr","it":[{"ind":0,"ty":"sh","ix":1,"ks":{"a":0,"k":{"i":[[0,0],[0,0],[22.904,15.788],[-0.002,0.011],[-70.662,-43.191],[2.942,-4.616],[-0.051,0.023],[-0.325,0.163],[-0.059,0.03],[-0.292,0.171],[-0.043,0.026],[-0.479,0.395],[-0.033,0.028],[-0.195,0.198],[-0.035,0.036],[-0.16,0.209],[-0.023,0.031],[-0.192,0.481],[-0.013,0.034],[-0.056,0.24],[0,0],[-0.018,0.253],[-0.002,0.039],[0.022,0.278]],"o":[[0,0],[0.641,-6.265],[-42.895,-29.567],[-0.002,0.005],[7.591,4.64],[0.054,-0.024],[0.353,-0.156],[0.059,-0.031],[0.32,-0.164],[0.044,-0.026],[0.604,-0.362],[0.035,-0.028],[0.224,-0.19],[0.036,-0.036],[0.19,-0.201],[0.023,-0.031],[0.326,-0.44],[0.013,-0.035],[0.087,-0.23],[0,0],[0.049,-0.242],[0.002,-0.038],[0.014,-0.267],[0,0]],"v":[[44.335,52.781],[44.301,52.775],[12.692,21.159],[-13.673,-71.626],[25.72,49.218],[30.46,71.626],[37.862,69.195],[38.877,68.716],[39.054,68.625],[39.974,68.123],[40.103,68.044],[41.728,66.91],[41.832,66.825],[42.458,66.243],[42.564,66.133],[43.09,65.521],[43.158,65.426],[43.935,64.045],[43.976,63.942],[44.187,63.235],[44.216,63.101],[44.318,62.358],[44.322,62.242],[44.314,61.425]],"c":true},"ix":2},"nm":"Path 1","mn":"ADBE Vector Shape - Group","hd":false},{"ty":"fl","c":{"a":0,"k":[0,0,0,1],"ix":4},"o":{"a":0,"k":15,"ix":5},"r":1,"bm":0,"nm":"Fill 1","mn":"ADBE Vector Graphic - Fill","hd":false},{"ty":"tr","p":{"a":0,"k":[278.351,472.114],"ix":2},"a":{"a":0,"k":[0,0],"ix":1},"s":{"a":0,"k":[100,100],"ix":3},"r":{"a":0,"k":0,"ix":6},"o":{"a":0,"k":100,"ix":7},"sk":{"a":0,"k":0,"ix":4},"sa":{"a":0,"k":0,"ix":5},"nm":"Transform"}],"nm":"Group 2","np":2,"cix":2,"bm":0,"ix":2,"mn":"ADBE Vector Group","hd":false},{"ty":"gr","it":[{"ind":0,"ty":"sh","ix":1,"ks":{"a":0,"k":{"i":[[8.396,60.867],[39.421,-28.553],[-4.659,0],[0,0],[-0.857,0.713]],"o":[[0,0],[-3.773,2.735],[0,0],[1.114,0],[6.6,-5.491]],"v":[[13.335,-47.061],[-17.958,38.383],[-15.204,47.061],[-15.11,47.061],[-12.062,45.963]],"c":true},"ix":2},"nm":"Path 1","mn":"ADBE Vector Shape - Group","hd":false},{"ty":"fl","c":{"a":0,"k":[1,1,1,1],"ix":4},"o":{"a":0,"k":50,"ix":5},"r":1,"bm":0,"nm":"Fill 1","mn":"ADBE Vector Graphic - Fill","hd":false},{"ty":"tr","p":{"a":0,"k":[207.86,464.065],"ix":2},"a":{"a":0,"k":[0,0],"ix":1},"s":{"a":0,"k":[100,100],"ix":3},"r":{"a":0,"k":0,"ix":6},"o":{"a":0,"k":100,"ix":7},"sk":{"a":0,"k":0,"ix":4},"sa":{"a":0,"k":0,"ix":5},"nm":"Transform"}],"nm":"Group 3","np":2,"cix":2,"bm":0,"ix":3,"mn":"ADBE Vector Group","hd":false},{"ty":"gr","it":[{"ind":0,"ty":"sh","ix":1,"ks":{"a":0,"k":{"i":[[38.354,26.437],[0,0],[0,0],[0,0],[42.899,-29.57],[-20.932,-5.271],[-19.938,0],[-19.028,4.791]],"o":[[-42.899,-29.57],[0,0],[0,0],[0,0],[-38.354,26.437],[19.028,4.791],[19.94,0],[20.932,-5.271]],"v":[[52.631,23.467],[26.266,-69.319],[0,-69.319],[-26.266,-69.319],[-52.63,23.467],[-70.398,64.16],[0,69.319],[70.398,64.16]],"c":true},"ix":2},"nm":"Path 1","mn":"ADBE Vector Shape - Group","hd":false},{"ty":"fl","c":{"k":[{"s":[1,0.827,0.047,1],"t":0,"i":{"x":[1],"y":[1]},"o":{"x":[0],"y":[0]}},{"s":[1,0.827,0.047,1],"t":74,"i":{"x":[1],"y":[1]},"o":{"x":[0],"y":[0]}}]},"o":{"a":0,"k":100,"ix":5},"r":1,"bm":0,"nm":"Fill 1","mn":"ADBE Vector Graphic - Fill","hd":false},{"ty":"tr","p":{"a":0,"k":[238.413,469.807],"ix":2},"a":{"a":0,"k":[0,0],"ix":1},"s":{"a":0,"k":[100,100],"ix":3},"r":{"a":0,"k":0,"ix":6},"o":{"a":0,"k":100,"ix":7},"sk":{"a":0,"k":0,"ix":4},"sa":{"a":0,"k":0,"ix":5},"nm":"Transform"}],"nm":"Group 4","np":2,"cix":2,"bm":0,"ix":4,"mn":"ADBE Vector Group","hd":false},{"ty":"gr","it":[{"ind":0,"ty":"sh","ix":1,"ks":{"a":0,"k":{"i":[[6.447,0],[0,0],[0,6.447],[-6.448,0],[0,0],[0,-6.447]],"o":[[0,0],[-6.448,0],[0,-6.447],[0,0],[6.447,0],[0,6.447]],"v":[[31.922,11.675],[-31.922,11.675],[-43.595,0],[-31.922,-11.675],[31.922,-11.675],[43.595,0]],"c":true},"ix":2},"nm":"Path 1","mn":"ADBE Vector Shape - Group","hd":false},{"ty":"fl","c":{"k":[{"s":[1,0.827,0.047,1],"t":0,"i":{"x":[1],"y":[1]},"o":{"x":[0],"y":[0]}},{"s":[1,0.827,0.047,1],"t":74,"i":{"x":[1],"y":[1]},"o":{"x":[0],"y":[0]}}]},"o":{"a":0,"k":100,"ix":5},"r":1,"bm":0,"nm":"Fill 1","mn":"ADBE Vector Graphic - Fill","hd":false},{"ty":"tr","p":{"a":0,"k":[238.413,388.812],"ix":2},"a":{"a":0,"k":[0,0],"ix":1},"s":{"a":0,"k":[100,100],"ix":3},"r":{"a":0,"k":0,"ix":6},"o":{"a":0,"k":100,"ix":7},"sk":{"a":0,"k":0,"ix":4},"sa":{"a":0,"k":0,"ix":5},"nm":"Transform"}],"nm":"Group 5","np":2,"cix":2,"bm":0,"ix":5,"mn":"ADBE Vector Group","hd":false},{"ty":"gr","it":[{"ind":0,"ty":"sh","ix":1,"ks":{"a":0,"k":{"i":[[-0.023,0.031],[-0.191,0.482],[-0.012,0.034],[-0.055,0.24],[0,0],[-0.018,0.253],[-0.002,0.039],[0.022,0.278],[0,0],[0,0],[12.664,8.729],[0,0],[0,0],[4.979,-5.418],[0,0],[0,0],[-0.014,-0.266],[-0.003,-0.038],[-0.049,-0.242],[-0.01,-0.045],[-0.086,-0.231],[-0.013,-0.034],[-0.326,-0.439],[-0.024,-0.032],[-0.189,-0.2],[-0.036,-0.036],[-0.223,-0.189],[-0.035,-0.028],[-0.604,-0.361],[-0.044,-0.025],[-0.32,-0.164],[-0.06,-0.03],[-0.352,-0.157],[-0.053,-0.024],[-0.864,-0.3],[-0.061,-0.021],[-0.44,-0.137],[-0.083,-0.026],[-0.47,-0.131],[-0.072,-0.02],[-0.524,-0.132],[-19.988,-0.026],[-0.623,0],[-0.645,0.001],[-18.433,4.642],[-0.497,0.137],[-0.07,0.02],[-0.444,0.136],[-0.083,0.026],[-0.415,0.142],[-0.061,0.022],[-0.748,0.327],[-0.052,0.023],[-0.325,0.163],[-0.059,0.03],[-0.292,0.171],[-0.043,0.027],[-0.478,0.396],[-0.033,0.029],[-0.196,0.199],[-0.035,0.036],[-0.161,0.209]],"o":[[0.326,-0.439],[0.014,-0.034],[0.087,-0.231],[0,0],[0.048,-0.242],[0.002,-0.038],[0.014,-0.266],[0,0],[0,0],[-4.978,-5.418],[0,0],[0,0],[-12.664,8.729],[0,0],[0,0],[-0.022,0.278],[0.002,0.039],[0.017,0.253],[0.009,0.045],[0.055,0.24],[0.013,0.034],[0.192,0.482],[0.023,0.031],[0.16,0.209],[0.035,0.036],[0.195,0.199],[0.034,0.03],[0.479,0.396],[0.043,0.027],[0.292,0.171],[0.059,0.03],[0.325,0.163],[0.052,0.023],[0.748,0.327],[0.061,0.022],[0.415,0.142],[0.083,0.026],[0.444,0.136],[0.07,0.02],[0.496,0.137],[18.433,4.642],[0.645,0.001],[0.623,0],[19.989,-0.026],[0.524,-0.132],[0.07,-0.02],[0.469,-0.131],[0.083,-0.026],[0.441,-0.137],[0.062,-0.021],[0.864,-0.3],[0.053,-0.024],[0.353,-0.157],[0.058,-0.03],[0.32,-0.164],[0.044,-0.025],[0.605,-0.361],[0.035,-0.028],[0.223,-0.19],[0.036,-0.036],[0.19,-0.2],[0.023,-0.032]],"v":[[83.097,11.567],[83.873,10.186],[83.914,10.084],[84.125,9.377],[84.154,9.242],[84.256,8.5],[84.26,8.383],[84.252,7.566],[84.273,-1.077],[78.791,-1.952],[52.63,-22.926],[0,-14.527],[-52.63,-22.926],[-78.792,-1.952],[-84.273,-1.077],[-84.252,7.566],[-84.261,8.383],[-84.255,8.5],[-84.153,9.242],[-84.125,9.377],[-83.915,10.084],[-83.873,10.186],[-83.097,11.567],[-83.027,11.662],[-82.502,12.274],[-82.396,12.384],[-81.771,12.965],[-81.666,13.051],[-80.041,14.185],[-79.912,14.263],[-78.993,14.766],[-78.814,14.857],[-77.801,15.337],[-77.642,15.406],[-75.224,16.346],[-75.042,16.41],[-73.757,16.828],[-73.509,16.906],[-72.139,17.305],[-71.924,17.365],[-70.398,17.767],[-1.902,22.925],[0,22.926],[1.902,22.925],[70.398,17.767],[71.925,17.365],[72.14,17.305],[73.508,16.906],[73.757,16.828],[75.042,16.41],[75.224,16.346],[77.642,15.406],[77.8,15.337],[78.815,14.857],[78.993,14.766],[79.912,14.263],[80.041,14.185],[81.666,13.051],[81.771,12.966],[82.396,12.384],[82.502,12.274],[83.028,11.662]],"c":true},"ix":2},"nm":"Path 1","mn":"ADBE Vector Shape - Group","hd":false},{"ty":"fl","c":{"k":[{"s":[1,0.827,0.047,1],"t":0,"i":{"x":[1],"y":[1]},"o":{"x":[0],"y":[0]}},{"s":[1,0.827,0.047,1],"t":74,"i":{"x":[1],"y":[1]},"o":{"x":[0],"y":[0]}}]},"o":{"a":0,"k":100,"ix":5},"r":1,"bm":0,"nm":"Fill 1","mn":"ADBE Vector Graphic - Fill","hd":false},{"ty":"tr","p":{"a":0,"k":[238.413,525.973],"ix":2},"a":{"a":0,"k":[0,0],"ix":1},"s":{"a":0,"k":[100,100],"ix":3},"r":{"a":0,"k":0,"ix":6},"o":{"a":0,"k":100,"ix":7},"sk":{"a":0,"k":0,"ix":4},"sa":{"a":0,"k":0,"ix":5},"nm":"Transform"}],"nm":"Group 6","np":2,"cix":2,"bm":0,"ix":6,"mn":"ADBE Vector Group","hd":false},{"ty":"gr","it":[{"ind":0,"ty":"sh","ix":1,"ks":{"a":0,"k":{"i":[[0,70.868],[35.983,11.163],[62.916,-97.927]],"o":[[0,-12.991],[1.109,68.543],[72.656,-58.583]],"v":[[55.977,-141.048],[12.898,-181.939],[-55.977,181.939]],"c":true},"ix":2},"nm":"Path 1","mn":"ADBE Vector Shape - Group","hd":false},{"ty":"fl","c":{"a":0,"k":[0,0,0,1],"ix":4},"o":{"a":0,"k":15,"ix":5},"r":1,"bm":0,"nm":"Fill 1","mn":"ADBE Vector Graphic - Fill","hd":false},{"ty":"tr","p":{"a":0,"k":[337.986,195.199],"ix":2},"a":{"a":0,"k":[0,0],"ix":1},"s":{"a":0,"k":[100,100],"ix":3},"r":{"a":0,"k":0,"ix":6},"o":{"a":0,"k":100,"ix":7},"sk":{"a":0,"k":0,"ix":4},"sa":{"a":0,"k":0,"ix":5},"nm":"Transform"}],"nm":"Group 7","np":2,"cix":2,"bm":0,"ix":7,"mn":"ADBE Vector Group","hd":false},{"ty":"gr","it":[{"ind":0,"ty":"sh","ix":1,"ks":{"a":0,"k":{"i":[[-58.887,-119.488],[-1.654,169.603],[-5.96,1.645],[0,0],[0.003,-9.157]],"o":[[0,0],[0.06,-6.183],[0,0],[8.826,-2.434],[-0.01,45.387]],"v":[[47.145,151.68],[-45.491,-136.023],[-35.311,-149.246],[-35.31,-149.246],[-17.761,-135.89]],"c":true},"ix":2},"nm":"Path 1","mn":"ADBE Vector Shape - Group","hd":false},{"ty":"fl","c":{"a":0,"k":[1,1,1,1],"ix":4},"o":{"a":0,"k":50,"ix":5},"r":1,"bm":0,"nm":"Fill 1","mn":"ADBE Vector Graphic - Fill","hd":false},{"ty":"tr","p":{"a":0,"k":[158.193,200.765],"ix":2},"a":{"a":0,"k":[0,0],"ix":1},"s":{"a":0,"k":[100,100],"ix":3},"r":{"a":0,"k":0,"ix":6},"o":{"a":0,"k":100,"ix":7},"sk":{"a":0,"k":0,"ix":4},"sa":{"a":0,"k":0,"ix":5},"nm":"Transform"}],"nm":"Group 8","np":2,"cix":2,"bm":0,"ix":8,"mn":"ADBE Vector Group","hd":false},{"ty":"gr","it":[{"ind":0,"ty":"sh","ix":1,"ks":{"a":0,"k":{"i":[[-13.856,9.62],[-15.545,-6.545],[0,0],[-2.399,-15.549],[0,0],[32.51,17.062],[0,0],[5.252,-3.646],[-0.265,-6.386],[0,0],[-12.017,-16.372],[-19.105,-6.885],[0,0],[7.368,-24.862],[0,0],[6.623,0],[1.455,0.432],[-2.41,8.128],[0,0],[9.109,3.283],[0,0],[15.639,21.307],[1.096,26.407],[0,0]],"o":[[13.855,-9.62],[0,0],[0,0],[2.399,15.548],[0,0],[0,0],[-5.893,-2.48],[-5.251,3.646],[0,0],[0.842,20.29],[12.017,16.371],[0,0],[24.394,8.792],[0,0],[-1.977,6.673],[-1.444,0],[-8.128,-2.408],[0,0],[2.751,-9.283],[0,0],[-24.864,-8.961],[-15.638,-21.305],[0,0],[-0.699,-16.853]],"v":[[-56.711,-123.107],[-9.757,-128.015],[6.43,-121.197],[11.835,-84.923],[21.489,-38.042],[-18.138,-98.235],[-21.669,-99.723],[-39.204,-97.89],[-47.051,-82.103],[-45.777,-51.421],[-26.121,4.619],[21.45,40.167],[40.691,47.101],[71.053,107.116],[66.177,123.569],[51.467,134.56],[47.098,133.923],[36.744,114.845],[41.62,98.392],[30.282,75.982],[11.043,69.048],[-50.869,22.783],[-76.449,-50.149],[-77.722,-80.83]],"c":true},"ix":2},"nm":"Path 1","mn":"ADBE Vector Shape - Group","hd":false},{"ty":"fl","c":{"k":[{"s":[1,0.827,0.047,1],"t":0,"i":{"x":[1],"y":[1]},"o":{"x":[0],"y":[0]}},{"s":[1,0.827,0.047,1],"t":74,"i":{"x":[1],"y":[1]},"o":{"x":[0],"y":[0]}}]},"o":{"a":0,"k":100,"ix":5},"r":1,"bm":0,"nm":"Fill 1","mn":"ADBE Vector Graphic - Fill","hd":false},{"ty":"tr","p":{"a":0,"k":[79.445,217.885],"ix":2},"a":{"a":0,"k":[0,0],"ix":1},"s":{"a":0,"k":[100,100],"ix":3},"r":{"a":0,"k":0,"ix":6},"o":{"a":0,"k":100,"ix":7},"sk":{"a":0,"k":0,"ix":4},"sa":{"a":0,"k":0,"ix":5},"nm":"Transform"}],"nm":"Group 9","np":2,"cix":2,"bm":0,"ix":9,"mn":"ADBE Vector Group","hd":false},{"ty":"gr","it":[{"ind":0,"ty":"sh","ix":1,"ks":{"a":0,"k":{"i":[[13.855,9.62],[15.545,-6.545],[0,0],[2.399,-15.549],[0,0],[-32.512,17.062],[0,0],[-5.252,-3.646],[0.265,-6.386],[0,0],[12.017,-16.372],[19.105,-6.885],[0,0],[-7.368,-24.862],[0,0],[-6.623,0],[-1.456,0.432],[2.409,8.128],[0,0],[-9.11,3.283],[0,0],[-15.638,21.307],[-1.096,26.407],[0,0]],"o":[[-13.855,-9.62],[0,0],[0,0],[-2.398,15.548],[0,0],[0,0],[5.892,-2.48],[5.251,3.646],[0,0],[-0.841,20.29],[-12.016,16.371],[0,0],[-24.395,8.792],[0,0],[1.977,6.673],[1.444,0],[8.128,-2.408],[0,0],[-2.751,-9.283],[0,0],[24.864,-8.961],[15.639,-21.305],[0,0],[0.699,-16.853]],"v":[[56.711,-123.107],[9.756,-128.015],[-6.432,-121.197],[-11.835,-84.923],[-21.489,-38.042],[18.139,-98.235],[21.67,-99.723],[39.204,-97.89],[47.05,-82.103],[45.776,-51.421],[26.121,4.619],[-21.451,40.167],[-40.69,47.101],[-71.054,107.116],[-66.177,123.569],[-51.467,134.56],[-47.099,133.923],[-36.744,114.845],[-41.621,98.392],[-30.282,75.982],[-11.043,69.048],[50.868,22.783],[76.449,-50.149],[77.723,-80.83]],"c":true},"ix":2},"nm":"Path 1","mn":"ADBE Vector Shape - Group","hd":false},{"ty":"fl","c":{"k":[{"s":[1,0.827,0.047,1],"t":0,"i":{"x":[1],"y":[1]},"o":{"x":[0],"y":[0]}},{"s":[1,0.827,0.047,1],"t":74,"i":{"x":[1],"y":[1]},"o":{"x":[0],"y":[0]}}]},"o":{"a":0,"k":100,"ix":5},"r":1,"bm":0,"nm":"Fill 1","mn":"ADBE Vector Graphic - Fill","hd":false},{"ty":"tr","p":{"a":0,"k":[397.382,217.885],"ix":2},"a":{"a":0,"k":[0,0],"ix":1},"s":{"a":0,"k":[100,100],"ix":3},"r":{"a":0,"k":0,"ix":6},"o":{"a":0,"k":100,"ix":7},"sk":{"a":0,"k":0,"ix":4},"sa":{"a":0,"k":0,"ix":5},"nm":"Transform"}],"nm":"Group 10","np":2,"cix":2,"bm":0,"ix":10,"mn":"ADBE Vector Group","hd":false},{"ty":"gr","it":[{"ind":0,"ty":"sh","ix":1,"ks":{"a":0,"k":{"i":[[136.272,0],[0,-21.419],[-100.41,0],[0,83.947]],"o":[[-136.272,0],[0,83.947],[100.41,0],[0,-21.419]],"v":[[0,-196.521],[-155.55,-143.493],[0,196.521],[155.55,-143.493]],"c":true},"ix":2},"nm":"Path 1","mn":"ADBE Vector Shape - Group","hd":false},{"ty":"fl","c":{"k":[{"s":[1,0.827,0.047,1],"t":0,"i":{"x":[1],"y":[1]},"o":{"x":[0],"y":[0]}},{"s":[1,0.827,0.047,1],"t":74,"i":{"x":[1],"y":[1]},"o":{"x":[0],"y":[0]}}]},"o":{"a":0,"k":100,"ix":5},"r":1,"bm":0,"nm":"Fill 1","mn":"ADBE Vector Graphic - Fill","hd":false},{"ty":"tr","p":{"a":0,"k":[235.183,197.57],"ix":2},"a":{"a":0,"k":[0,0],"ix":1},"s":{"a":0,"k":[100,100],"ix":3},"r":{"a":0,"k":0,"ix":6},"o":{"a":0,"k":100,"ix":7},"sk":{"a":0,"k":0,"ix":4},"sa":{"a":0,"k":0,"ix":5},"nm":"Transform"}],"nm":"Group 11","np":2,"cix":2,"bm":0,"ix":11,"mn":"ADBE Vector Group","hd":false},{"ty":"gr","it":[{"ind":0,"ty":"sh","ix":1,"ks":{"a":0,"k":{"i":[[0,0],[0,0],[0,0],[0,0]],"o":[[0,0],[0,0],[0,0],[0,0]],"v":[[-14.347,-3],[-26.043,3],[14.348,3],[26.043,-3]],"c":true},"ix":2},"nm":"Path 1","mn":"ADBE Vector Shape - Group","hd":false},{"ty":"fl","c":{"a":0,"k":[1,1,1,1],"ix":4},"o":{"a":0,"k":65,"ix":5},"r":1,"bm":0,"nm":"Fill 1","mn":"ADBE Vector Graphic - Fill","hd":false},{"ty":"tr","p":{"a":0,"k":[164.027,579.723],"ix":2},"a":{"a":0,"k":[0,0],"ix":1},"s":{"a":0,"k":[100,100],"ix":3},"r":{"a":0,"k":0,"ix":6},"o":{"a":0,"k":100,"ix":7},"sk":{"a":0,"k":0,"ix":4},"sa":{"a":0,"k":0,"ix":5},"nm":"Transform"}],"nm":"Group 12","np":2,"cix":2,"bm":0,"ix":12,"mn":"ADBE Vector Group","hd":false},{"ty":"gr","it":[{"ind":0,"ty":"sh","ix":1,"ks":{"a":0,"k":{"i":[[0,0],[0,0],[0,0],[0,0]],"o":[[0,0],[0,0],[0,0],[0,0]],"v":[[-32.099,11.138],[-8.007,-11.138],[32.099,-11.138],[8.007,11.138]],"c":true},"ix":2},"nm":"Path 1","mn":"ADBE Vector Shape - Group","hd":false},{"ty":"fl","c":{"a":0,"k":[1,1,1,1],"ix":4},"o":{"a":0,"k":65,"ix":5},"r":1,"bm":0,"nm":"Fill 1","mn":"ADBE Vector Graphic - Fill","hd":false},{"ty":"tr","p":{"a":0,"k":[146.133,658.911],"ix":2},"a":{"a":0,"k":[0,0],"ix":1},"s":{"a":0,"k":[100,100],"ix":3},"r":{"a":0,"k":0,"ix":6},"o":{"a":0,"k":100,"ix":7},"sk":{"a":0,"k":0,"ix":4},"sa":{"a":0,"k":0,"ix":5},"nm":"Transform"}],"nm":"Group 13","np":2,"cix":2,"bm":0,"ix":13,"mn":"ADBE Vector Group","hd":false},{"ty":"gr","it":[{"ind":0,"ty":"sh","ix":1,"ks":{"a":0,"k":{"i":[[0,0],[0,0],[0,0],[0,0]],"o":[[0,0],[0,0],[0,0],[0,0]],"v":[[20.196,32.525],[-20.196,32.525],[-20.196,-32.525],[20.196,-32.525]],"c":true},"ix":2},"nm":"Path 1","mn":"ADBE Vector Shape - Group","hd":false},{"ty":"fl","c":{"a":0,"k":[1,1,1,1],"ix":4},"o":{"a":0,"k":40,"ix":5},"r":1,"bm":0,"nm":"Fill 1","mn":"ADBE Vector Graphic - Fill","hd":false},{"ty":"tr","p":{"a":0,"k":[158.179,615.247],"ix":2},"a":{"a":0,"k":[0,0],"ix":1},"s":{"a":0,"k":[100,100],"ix":3},"r":{"a":0,"k":0,"ix":6},"o":{"a":0,"k":100,"ix":7},"sk":{"a":0,"k":0,"ix":4},"sa":{"a":0,"k":0,"ix":5},"nm":"Transform"}],"nm":"Group 14","np":2,"cix":2,"bm":0,"ix":14,"mn":"ADBE Vector Group","hd":false},{"ty":"gr","it":[{"ind":0,"ty":"sh","ix":1,"ks":{"a":0,"k":{"i":[[0,0],[0,0],[0,0],[0,0]],"o":[[0,0],[0,0],[0,0],[0,0]],"v":[[20.053,7.281],[-20.053,7.281],[-20.053,-7.281],[20.053,-7.281]],"c":true},"ix":2},"nm":"Path 1","mn":"ADBE Vector Shape - Group","hd":false},{"ty":"fl","c":{"a":0,"k":[1,1,1,1],"ix":4},"o":{"a":0,"k":40,"ix":5},"r":1,"bm":0,"nm":"Fill 1","mn":"ADBE Vector Graphic - Fill","hd":false},{"ty":"tr","p":{"a":0,"k":[134.087,677.329],"ix":2},"a":{"a":0,"k":[0,0],"ix":1},"s":{"a":0,"k":[100,100],"ix":3},"r":{"a":0,"k":0,"ix":6},"o":{"a":0,"k":100,"ix":7},"sk":{"a":0,"k":0,"ix":4},"sa":{"a":0,"k":0,"ix":5},"nm":"Transform"}],"nm":"Group 15","np":2,"cix":2,"bm":0,"ix":15,"mn":"ADBE Vector Group","hd":false},{"ty":"gr","it":[{"ind":0,"ty":"sh","ix":1,"ks":{"a":0,"k":{"i":[[0,0],[0,0],[0,0],[0,0]],"o":[[0,0],[0,0],[0,0],[0,0]],"v":[[20.196,7.281],[-20.196,7.281],[-20.196,-7.281],[20.196,-7.281]],"c":true},"ix":2},"nm":"Path 1","mn":"ADBE Vector Shape - Group","hd":false},{"ty":"fl","c":{"a":0,"k":[1,1,1,1],"ix":4},"o":{"a":0,"k":40,"ix":5},"r":1,"bm":0,"nm":"Fill 1","mn":"ADBE Vector Graphic - Fill","hd":false},{"ty":"tr","p":{"a":0,"k":[169.874,569.443],"ix":2},"a":{"a":0,"k":[0,0],"ix":1},"s":{"a":0,"k":[100,100],"ix":3},"r":{"a":0,"k":0,"ix":6},"o":{"a":0,"k":100,"ix":7},"sk":{"a":0,"k":0,"ix":4},"sa":{"a":0,"k":0,"ix":5},"nm":"Transform"}],"nm":"Group 16","np":2,"cix":2,"bm":0,"ix":16,"mn":"ADBE Vector Group","hd":false},{"ty":"gr","it":[{"ind":0,"ty":"sh","ix":1,"ks":{"a":0,"k":{"i":[[0,0],[0,0],[-1.461,-1.906],[0,0],[6.397,0],[0,0]],"o":[[0,0],[2.402,0],[0,0],[3.889,5.078],[0,0],[0,0]],"v":[[-62.756,-29.558],[19.282,-29.558],[25.41,-26.533],[58.867,17.146],[52.739,29.558],[-62.756,29.558]],"c":true},"ix":2},"nm":"Path 1","mn":"ADBE Vector Shape - Group","hd":false},{"ty":"fl","c":{"a":0,"k":[1,1,1,1],"ix":4},"o":{"a":0,"k":20,"ix":5},"r":1,"bm":0,"nm":"Fill 1","mn":"ADBE Vector Graphic - Fill","hd":false},{"ty":"tr","p":{"a":0,"k":[302.744,532.604],"ix":2},"a":{"a":0,"k":[0,0],"ix":1},"s":{"a":0,"k":[100,100],"ix":3},"r":{"a":0,"k":0,"ix":6},"o":{"a":0,"k":100,"ix":7},"sk":{"a":0,"k":0,"ix":4},"sa":{"a":0,"k":0,"ix":5},"nm":"Transform"}],"nm":"Group 29","np":2,"cix":2,"bm":0,"ix":17,"mn":"ADBE Vector Group","hd":false},{"ty":"gr","it":[{"ind":0,"ty":"sh","ix":1,"ks":{"a":0,"k":{"i":[[0,0],[0,0],[-1.461,-1.906],[0,0],[6.397,0],[0,0]],"o":[[0,0],[2.402,0],[0,0],[3.889,5.078],[0,0],[0,0]],"v":[[-62.756,-29.558],[19.282,-29.558],[25.41,-26.533],[58.867,17.146],[52.739,29.558],[-62.756,29.558]],"c":true},"ix":2},"nm":"Path 1","mn":"ADBE Vector Shape - Group","hd":false},{"ty":"fl","c":{"k":[{"s":[1,0.529,0.286,1],"t":0,"i":{"x":[1],"y":[1]},"o":{"x":[0],"y":[0]}},{"s":[1,0.529,0.286,1],"t":74,"i":{"x":[1],"y":[1]},"o":{"x":[0],"y":[0]}}]},"o":{"a":0,"k":100,"ix":5},"r":1,"bm":0,"nm":"Fill 1","mn":"ADBE Vector Graphic - Fill","hd":false},{"ty":"tr","p":{"a":0,"k":[302.744,532.604],"ix":2},"a":{"a":0,"k":[0,0],"ix":1},"s":{"a":0,"k":[100,100],"ix":3},"r":{"a":0,"k":0,"ix":6},"o":{"a":0,"k":100,"ix":7},"sk":{"a":0,"k":0,"ix":4},"sa":{"a":0,"k":0,"ix":5},"nm":"Transform"}],"nm":"Group 17","np":2,"cix":2,"bm":0,"ix":18,"mn":"ADBE Vector Group","hd":false},{"ty":"gr","it":[{"ind":0,"ty":"sh","ix":1,"ks":{"a":0,"k":{"i":[[0,0],[0,0],[1.46,-1.906],[0,0],[-6.396,0],[0,0]],"o":[[0,0],[-2.402,0],[0,0],[-3.89,5.078],[0,0],[0,0]],"v":[[62.756,-29.558],[-19.282,-29.558],[-25.409,-26.533],[-58.866,17.146],[-52.739,29.558],[62.756,29.558]],"c":true},"ix":2},"nm":"Path 1","mn":"ADBE Vector Shape - Group","hd":false},{"ty":"fl","c":{"a":0,"k":[1,1,1,1],"ix":4},"o":{"a":0,"k":20,"ix":5},"r":1,"bm":0,"nm":"Fill 1","mn":"ADBE Vector Graphic - Fill","hd":false},{"ty":"tr","p":{"a":0,"k":[177.232,532.604],"ix":2},"a":{"a":0,"k":[0,0],"ix":1},"s":{"a":0,"k":[100,100],"ix":3},"r":{"a":0,"k":0,"ix":6},"o":{"a":0,"k":100,"ix":7},"sk":{"a":0,"k":0,"ix":4},"sa":{"a":0,"k":0,"ix":5},"nm":"Transform"}],"nm":"Group 30","np":2,"cix":2,"bm":0,"ix":19,"mn":"ADBE Vector Group","hd":false},{"ty":"gr","it":[{"ind":0,"ty":"sh","ix":1,"ks":{"a":0,"k":{"i":[[0,0],[0,0],[1.46,-1.906],[0,0],[-6.396,0],[0,0]],"o":[[0,0],[-2.402,0],[0,0],[-3.89,5.078],[0,0],[0,0]],"v":[[62.756,-29.558],[-19.282,-29.558],[-25.409,-26.533],[-58.866,17.146],[-52.739,29.558],[62.756,29.558]],"c":true},"ix":2},"nm":"Path 1","mn":"ADBE Vector Shape - Group","hd":false},{"ty":"fl","c":{"k":[{"s":[1,0.529,0.286,1],"t":0,"i":{"x":[1],"y":[1]},"o":{"x":[0],"y":[0]}},{"s":[1,0.529,0.286,1],"t":74,"i":{"x":[1],"y":[1]},"o":{"x":[0],"y":[0]}}]},"o":{"a":0,"k":100,"ix":5},"r":1,"bm":0,"nm":"Fill 1","mn":"ADBE Vector Graphic - Fill","hd":false},{"ty":"tr","p":{"a":0,"k":[177.232,532.604],"ix":2},"a":{"a":0,"k":[0,0],"ix":1},"s":{"a":0,"k":[100,100],"ix":3},"r":{"a":0,"k":0,"ix":6},"o":{"a":0,"k":100,"ix":7},"sk":{"a":0,"k":0,"ix":4},"sa":{"a":0,"k":0,"ix":5},"nm":"Transform"}],"nm":"Group 18","np":2,"cix":2,"bm":0,"ix":20,"mn":"ADBE Vector Group","hd":false},{"ty":"gr","it":[{"ind":0,"ty":"sh","ix":1,"ks":{"a":0,"k":{"i":[[0,0],[-1.461,-1.906],[0,0],[0,0],[0,0],[0,0],[4.72,0],[0,0],[0,0]],"o":[[2.402,0],[0,0],[0,0],[0,0],[0,0],[0.204,4.133],[0,0],[0,0],[0,0]],"v":[[20.329,-29.558],[26.457,-26.533],[52.209,7.089],[61.466,8.323],[61.518,21.431],[61.505,21.433],[53.786,29.558],[-61.709,29.558],[-61.709,-29.558]],"c":true},"ix":2},"nm":"Path 1","mn":"ADBE Vector Shape - Group","hd":false},{"ty":"fl","c":{"k":[{"s":[1,0.529,0.286,1],"t":0,"i":{"x":[1],"y":[1]},"o":{"x":[0],"y":[0]}},{"s":[1,0.529,0.286,1],"t":74,"i":{"x":[1],"y":[1]},"o":{"x":[0],"y":[0]}}]},"o":{"a":0,"k":100,"ix":5},"r":1,"bm":0,"nm":"Fill 1","mn":"ADBE Vector Graphic - Fill","hd":false},{"ty":"tr","p":{"a":0,"k":[301.697,547.165],"ix":2},"a":{"a":0,"k":[0,0],"ix":1},"s":{"a":0,"k":[100,100],"ix":3},"r":{"a":0,"k":0,"ix":6},"o":{"a":0,"k":100,"ix":7},"sk":{"a":0,"k":0,"ix":4},"sa":{"a":0,"k":0,"ix":5},"nm":"Transform"}],"nm":"Group 19","np":2,"cix":2,"bm":0,"ix":21,"mn":"ADBE Vector Group","hd":false},{"ty":"gr","it":[{"ind":0,"ty":"sh","ix":1,"ks":{"a":0,"k":{"i":[[0,0],[1.46,-1.906],[0,0],[0,0],[0,0],[0,0],[-4.719,0],[0,0],[0,0]],"o":[[-2.402,0],[0,0],[0,0],[0,0],[0,0],[-0.204,4.133],[0,0],[0,0],[0,0]],"v":[[-20.329,-29.558],[-26.456,-26.533],[-52.209,7.089],[-61.465,8.323],[-61.518,21.431],[-61.505,21.433],[-53.786,29.558],[61.709,29.558],[61.709,-29.558]],"c":true},"ix":2},"nm":"Path 1","mn":"ADBE Vector Shape - Group","hd":false},{"ty":"fl","c":{"k":[{"s":[1,0.529,0.286,1],"t":0,"i":{"x":[1],"y":[1]},"o":{"x":[0],"y":[0]}},{"s":[1,0.529,0.286,1],"t":74,"i":{"x":[1],"y":[1]},"o":{"x":[0],"y":[0]}}]},"o":{"a":0,"k":100,"ix":5},"r":1,"bm":0,"nm":"Fill 1","mn":"ADBE Vector Graphic - Fill","hd":false},{"ty":"tr","p":{"a":0,"k":[178.279,547.165],"ix":2},"a":{"a":0,"k":[0,0],"ix":1},"s":{"a":0,"k":[100,100],"ix":3},"r":{"a":0,"k":0,"ix":6},"o":{"a":0,"k":100,"ix":7},"sk":{"a":0,"k":0,"ix":4},"sa":{"a":0,"k":0,"ix":5},"nm":"Transform"}],"nm":"Group 20","np":2,"cix":2,"bm":0,"ix":22,"mn":"ADBE Vector Group","hd":false},{"ty":"gr","it":[{"ind":0,"ty":"sh","ix":1,"ks":{"a":0,"k":{"i":[[0,0],[0,0],[-1.46,-1.907],[0,0],[6.396,0],[0,0]],"o":[[0,0],[2.402,0],[0,0],[3.889,5.078],[0,0],[0,0]],"v":[[-73.787,-29.558],[30.314,-29.558],[36.441,-26.532],[69.898,17.146],[63.771,29.558],[-73.787,29.558]],"c":true},"ix":2},"nm":"Path 1","mn":"ADBE Vector Shape - Group","hd":false},{"ty":"fl","c":{"a":0,"k":[1,1,1,1],"ix":4},"o":{"a":0,"k":20,"ix":5},"r":1,"bm":0,"nm":"Fill 1","mn":"ADBE Vector Graphic - Fill","hd":false},{"ty":"tr","p":{"a":0,"k":[308.72,553.165],"ix":2},"a":{"a":0,"k":[0,0],"ix":1},"s":{"a":0,"k":[100,100],"ix":3},"r":{"a":0,"k":0,"ix":6},"o":{"a":0,"k":100,"ix":7},"sk":{"a":0,"k":0,"ix":4},"sa":{"a":0,"k":0,"ix":5},"nm":"Transform"}],"nm":"Group 31","np":2,"cix":2,"bm":0,"ix":23,"mn":"ADBE Vector Group","hd":false},{"ty":"gr","it":[{"ind":0,"ty":"sh","ix":1,"ks":{"a":0,"k":{"i":[[0,0],[0,0],[-1.46,-1.907],[0,0],[6.396,0],[0,0]],"o":[[0,0],[2.402,0],[0,0],[3.889,5.078],[0,0],[0,0]],"v":[[-73.787,-29.558],[30.314,-29.558],[36.441,-26.532],[69.898,17.146],[63.771,29.558],[-73.787,29.558]],"c":true},"ix":2},"nm":"Path 1","mn":"ADBE Vector Shape - Group","hd":false},{"ty":"fl","c":{"k":[{"s":[1,0.529,0.286,1],"t":0,"i":{"x":[1],"y":[1]},"o":{"x":[0],"y":[0]}},{"s":[1,0.529,0.286,1],"t":74,"i":{"x":[1],"y":[1]},"o":{"x":[0],"y":[0]}}]},"o":{"a":0,"k":100,"ix":5},"r":1,"bm":0,"nm":"Fill 1","mn":"ADBE Vector Graphic - Fill","hd":false},{"ty":"tr","p":{"a":0,"k":[308.72,553.165],"ix":2},"a":{"a":0,"k":[0,0],"ix":1},"s":{"a":0,"k":[100,100],"ix":3},"r":{"a":0,"k":0,"ix":6},"o":{"a":0,"k":100,"ix":7},"sk":{"a":0,"k":0,"ix":4},"sa":{"a":0,"k":0,"ix":5},"nm":"Transform"}],"nm":"Group 21","np":2,"cix":2,"bm":0,"ix":24,"mn":"ADBE Vector Group","hd":false},{"ty":"gr","it":[{"ind":0,"ty":"sh","ix":1,"ks":{"a":0,"k":{"i":[[0,0],[-1.46,-1.907],[0,0],[0,0],[0,0],[4.72,0],[0,0],[0,0]],"o":[[2.402,0],[0,0],[0,0],[0,0],[0.204,4.133],[0,0],[0,0],[0,0]],"v":[[31.361,-40.024],[37.488,-36.998],[72.498,-32.163],[72.55,31.897],[72.537,31.899],[64.818,40.024],[-72.741,40.024],[-72.741,-40.024]],"c":true},"ix":2},"nm":"Path 1","mn":"ADBE Vector Shape - Group","hd":false},{"ty":"fl","c":{"k":[{"s":[1,0.529,0.286,1],"t":0,"i":{"x":[1],"y":[1]},"o":{"x":[0],"y":[0]}},{"s":[1,0.529,0.286,1],"t":74,"i":{"x":[1],"y":[1]},"o":{"x":[0],"y":[0]}}]},"o":{"a":0,"k":100,"ix":5},"r":1,"bm":0,"nm":"Fill 1","mn":"ADBE Vector Graphic - Fill","hd":false},{"ty":"tr","p":{"a":0,"k":[307.673,607.749],"ix":2},"a":{"a":0,"k":[0,0],"ix":1},"s":{"a":0,"k":[100,100],"ix":3},"r":{"a":0,"k":0,"ix":6},"o":{"a":0,"k":100,"ix":7},"sk":{"a":0,"k":0,"ix":4},"sa":{"a":0,"k":0,"ix":5},"nm":"Transform"}],"nm":"Group 22","np":2,"cix":2,"bm":0,"ix":25,"mn":"ADBE Vector Group","hd":false},{"ty":"gr","it":[{"ind":0,"ty":"sh","ix":1,"ks":{"a":0,"k":{"i":[[0,0],[0,0],[-1.461,-1.906],[0,0],[6.396,0],[0,0]],"o":[[0,0],[2.402,0],[0,0],[3.889,5.077],[0,0],[0,0]],"v":[[-97.406,-29.558],[53.933,-29.558],[60.061,-26.533],[93.517,17.146],[87.39,29.558],[-97.406,29.558]],"c":true},"ix":2},"nm":"Path 1","mn":"ADBE Vector Shape - Group","hd":false},{"ty":"fl","c":{"a":0,"k":[1,1,1,1],"ix":4},"o":{"a":0,"k":20,"ix":5},"r":1,"bm":0,"nm":"Fill 1","mn":"ADBE Vector Graphic - Fill","hd":false},{"ty":"tr","p":{"a":0,"k":[337.395,640.492],"ix":2},"a":{"a":0,"k":[0,0],"ix":1},"s":{"a":0,"k":[100,100],"ix":3},"r":{"a":0,"k":0,"ix":6},"o":{"a":0,"k":100,"ix":7},"sk":{"a":0,"k":0,"ix":4},"sa":{"a":0,"k":0,"ix":5},"nm":"Transform"}],"nm":"Group 32","np":2,"cix":2,"bm":0,"ix":26,"mn":"ADBE Vector Group","hd":false},{"ty":"gr","it":[{"ind":0,"ty":"sh","ix":1,"ks":{"a":0,"k":{"i":[[0,0],[0,0],[-1.461,-1.906],[0,0],[6.396,0],[0,0]],"o":[[0,0],[2.402,0],[0,0],[3.889,5.077],[0,0],[0,0]],"v":[[-97.406,-29.558],[53.933,-29.558],[60.061,-26.533],[93.517,17.146],[87.39,29.558],[-97.406,29.558]],"c":true},"ix":2},"nm":"Path 1","mn":"ADBE Vector Shape - Group","hd":false},{"ty":"fl","c":{"k":[{"s":[1,0.529,0.286,1],"t":0,"i":{"x":[1],"y":[1]},"o":{"x":[0],"y":[0]}},{"s":[1,0.529,0.286,1],"t":74,"i":{"x":[1],"y":[1]},"o":{"x":[0],"y":[0]}}]},"o":{"a":0,"k":100,"ix":5},"r":1,"bm":0,"nm":"Fill 1","mn":"ADBE Vector Graphic - Fill","hd":false},{"ty":"tr","p":{"a":0,"k":[337.395,640.492],"ix":2},"a":{"a":0,"k":[0,0],"ix":1},"s":{"a":0,"k":[100,100],"ix":3},"r":{"a":0,"k":0,"ix":6},"o":{"a":0,"k":100,"ix":7},"sk":{"a":0,"k":0,"ix":4},"sa":{"a":0,"k":0,"ix":5},"nm":"Transform"}],"nm":"Group 23","np":2,"cix":2,"bm":0,"ix":27,"mn":"ADBE Vector Group","hd":false},{"ty":"gr","it":[{"ind":0,"ty":"sh","ix":1,"ks":{"a":0,"k":{"i":[[0,0],[-1.46,-1.907],[0,0],[0,0],[0,0],[0,0],[4.72,0],[0,0],[0,0]],"o":[[2.402,0],[0,0],[0,0],[0,0],[0,0],[0.204,4.133],[0,0],[0,0],[0,0]],"v":[[54.98,-29.558],[61.107,-26.533],[86.86,7.088],[96.117,8.322],[96.169,21.431],[96.156,21.433],[88.437,29.558],[-96.36,29.558],[-96.36,-29.558]],"c":true},"ix":2},"nm":"Path 1","mn":"ADBE Vector Shape - Group","hd":false},{"ty":"fl","c":{"k":[{"s":[1,0.529,0.286,1],"t":0,"i":{"x":[1],"y":[1]},"o":{"x":[0],"y":[0]}},{"s":[1,0.529,0.286,1],"t":74,"i":{"x":[1],"y":[1]},"o":{"x":[0],"y":[0]}}]},"o":{"a":0,"k":100,"ix":5},"r":1,"bm":0,"nm":"Fill 1","mn":"ADBE Vector Graphic - Fill","hd":false},{"ty":"tr","p":{"a":0,"k":[336.348,655.052],"ix":2},"a":{"a":0,"k":[0,0],"ix":1},"s":{"a":0,"k":[100,100],"ix":3},"r":{"a":0,"k":0,"ix":6},"o":{"a":0,"k":100,"ix":7},"sk":{"a":0,"k":0,"ix":4},"sa":{"a":0,"k":0,"ix":5},"nm":"Transform"}],"nm":"Group 24","np":2,"cix":2,"bm":0,"ix":28,"mn":"ADBE Vector Group","hd":false},{"ty":"gr","it":[{"ind":0,"ty":"sh","ix":1,"ks":{"a":0,"k":{"i":[[0,0],[0,0],[1.461,-1.907],[0,0],[-6.397,0],[0,0]],"o":[[0,0],[-2.402,0],[0,0],[-3.889,5.078],[0,0],[0,0]],"v":[[73.788,-29.558],[-30.313,-29.558],[-36.441,-26.532],[-69.898,17.146],[-63.771,29.558],[73.788,29.558]],"c":true},"ix":2},"nm":"Path 1","mn":"ADBE Vector Shape - Group","hd":false},{"ty":"fl","c":{"a":0,"k":[1,1,1,1],"ix":4},"o":{"a":0,"k":20,"ix":5},"r":1,"bm":0,"nm":"Fill 1","mn":"ADBE Vector Graphic - Fill","hd":false},{"ty":"tr","p":{"a":0,"k":[171.256,553.165],"ix":2},"a":{"a":0,"k":[0,0],"ix":1},"s":{"a":0,"k":[100,100],"ix":3},"r":{"a":0,"k":0,"ix":6},"o":{"a":0,"k":100,"ix":7},"sk":{"a":0,"k":0,"ix":4},"sa":{"a":0,"k":0,"ix":5},"nm":"Transform"}],"nm":"Group 33","np":2,"cix":2,"bm":0,"ix":29,"mn":"ADBE Vector Group","hd":false},{"ty":"gr","it":[{"ind":0,"ty":"sh","ix":1,"ks":{"a":0,"k":{"i":[[0,0],[0,0],[1.461,-1.907],[0,0],[-6.397,0],[0,0]],"o":[[0,0],[-2.402,0],[0,0],[-3.889,5.078],[0,0],[0,0]],"v":[[73.788,-29.558],[-30.313,-29.558],[-36.441,-26.532],[-69.898,17.146],[-63.771,29.558],[73.788,29.558]],"c":true},"ix":2},"nm":"Path 1","mn":"ADBE Vector Shape - Group","hd":false},{"ty":"fl","c":{"k":[{"s":[1,0.529,0.286,1],"t":0,"i":{"x":[1],"y":[1]},"o":{"x":[0],"y":[0]}},{"s":[1,0.529,0.286,1],"t":74,"i":{"x":[1],"y":[1]},"o":{"x":[0],"y":[0]}}]},"o":{"a":0,"k":100,"ix":5},"r":1,"bm":0,"nm":"Fill 1","mn":"ADBE Vector Graphic - Fill","hd":false},{"ty":"tr","p":{"a":0,"k":[171.256,553.165],"ix":2},"a":{"a":0,"k":[0,0],"ix":1},"s":{"a":0,"k":[100,100],"ix":3},"r":{"a":0,"k":0,"ix":6},"o":{"a":0,"k":100,"ix":7},"sk":{"a":0,"k":0,"ix":4},"sa":{"a":0,"k":0,"ix":5},"nm":"Transform"}],"nm":"Group 25","np":2,"cix":2,"bm":0,"ix":30,"mn":"ADBE Vector Group","hd":false},{"ty":"gr","it":[{"ind":0,"ty":"sh","ix":1,"ks":{"a":0,"k":{"i":[[0,0],[1.46,-1.907],[0,0],[0,0],[0,0],[-4.719,0],[0,0],[0,0]],"o":[[-2.402,0],[0,0],[0,0],[0,0],[-0.204,4.133],[0,0],[0,0],[0,0]],"v":[[-31.36,-40.024],[-37.488,-36.998],[-72.496,-32.163],[-72.55,31.897],[-72.536,31.899],[-64.817,40.024],[72.74,40.024],[72.74,-40.024]],"c":true},"ix":2},"nm":"Path 1","mn":"ADBE Vector Shape - Group","hd":false},{"ty":"fl","c":{"k":[{"s":[1,0.529,0.286,1],"t":0,"i":{"x":[1],"y":[1]},"o":{"x":[0],"y":[0]}},{"s":[1,0.529,0.286,1],"t":74,"i":{"x":[1],"y":[1]},"o":{"x":[0],"y":[0]}}]},"o":{"a":0,"k":100,"ix":5},"r":1,"bm":0,"nm":"Fill 1","mn":"ADBE Vector Graphic - Fill","hd":false},{"ty":"tr","p":{"a":0,"k":[172.303,607.749],"ix":2},"a":{"a":0,"k":[0,0],"ix":1},"s":{"a":0,"k":[100,100],"ix":3},"r":{"a":0,"k":0,"ix":6},"o":{"a":0,"k":100,"ix":7},"sk":{"a":0,"k":0,"ix":4},"sa":{"a":0,"k":0,"ix":5},"nm":"Transform"}],"nm":"Group 26","np":2,"cix":2,"bm":0,"ix":31,"mn":"ADBE Vector Group","hd":false},{"ty":"gr","it":[{"ind":0,"ty":"sh","ix":1,"ks":{"a":0,"k":{"i":[[0,0],[0,0],[1.461,-1.906],[0,0],[-6.397,0],[0,0]],"o":[[0,0],[-2.402,0],[0,0],[-3.889,5.077],[0,0],[0,0]],"v":[[97.407,-29.558],[-53.933,-29.558],[-60.061,-26.533],[-93.518,17.146],[-87.39,29.558],[97.407,29.558]],"c":true},"ix":2},"nm":"Path 1","mn":"ADBE Vector Shape - Group","hd":false},{"ty":"fl","c":{"a":0,"k":[1,1,1,1],"ix":4},"o":{"a":0,"k":20,"ix":5},"r":1,"bm":0,"nm":"Fill 1","mn":"ADBE Vector Graphic - Fill","hd":false},{"ty":"tr","p":{"a":0,"k":[142.582,640.492],"ix":2},"a":{"a":0,"k":[0,0],"ix":1},"s":{"a":0,"k":[100,100],"ix":3},"r":{"a":0,"k":0,"ix":6},"o":{"a":0,"k":100,"ix":7},"sk":{"a":0,"k":0,"ix":4},"sa":{"a":0,"k":0,"ix":5},"nm":"Transform"}],"nm":"Group 34","np":2,"cix":2,"bm":0,"ix":32,"mn":"ADBE Vector Group","hd":false},{"ty":"gr","it":[{"ind":0,"ty":"sh","ix":1,"ks":{"a":0,"k":{"i":[[0,0],[0,0],[1.461,-1.906],[0,0],[-6.397,0],[0,0]],"o":[[0,0],[-2.402,0],[0,0],[-3.889,5.077],[0,0],[0,0]],"v":[[97.407,-29.558],[-53.933,-29.558],[-60.061,-26.533],[-93.518,17.146],[-87.39,29.558],[97.407,29.558]],"c":true},"ix":2},"nm":"Path 1","mn":"ADBE Vector Shape - Group","hd":false},{"ty":"fl","c":{"k":[{"s":[1,0.529,0.286,1],"t":0,"i":{"x":[1],"y":[1]},"o":{"x":[0],"y":[0]}},{"s":[1,0.529,0.286,1],"t":74,"i":{"x":[1],"y":[1]},"o":{"x":[0],"y":[0]}}]},"o":{"a":0,"k":100,"ix":5},"r":1,"bm":0,"nm":"Fill 1","mn":"ADBE Vector Graphic - Fill","hd":false},{"ty":"tr","p":{"a":0,"k":[142.582,640.492],"ix":2},"a":{"a":0,"k":[0,0],"ix":1},"s":{"a":0,"k":[100,100],"ix":3},"r":{"a":0,"k":0,"ix":6},"o":{"a":0,"k":100,"ix":7},"sk":{"a":0,"k":0,"ix":4},"sa":{"a":0,"k":0,"ix":5},"nm":"Transform"}],"nm":"Group 27","np":2,"cix":2,"bm":0,"ix":33,"mn":"ADBE Vector Group","hd":false},{"ty":"gr","it":[{"ind":0,"ty":"sh","ix":1,"ks":{"a":0,"k":{"i":[[0,0],[1.46,-1.907],[0,0],[0,0],[0,0],[0,0],[-4.719,0],[0,0],[0,0]],"o":[[-2.402,0],[0,0],[0,0],[0,0],[0,0],[-0.204,4.133],[0,0],[0,0],[0,0]],"v":[[-54.979,-29.558],[-61.107,-26.533],[-86.86,7.088],[-96.115,8.322],[-96.169,21.431],[-96.156,21.433],[-88.436,29.558],[96.36,29.558],[96.36,-29.558]],"c":true},"ix":2},"nm":"Path 1","mn":"ADBE Vector Shape - Group","hd":false},{"ty":"fl","c":{"k":[{"s":[1,0.529,0.286,1],"t":0,"i":{"x":[1],"y":[1]},"o":{"x":[0],"y":[0]}},{"s":[1,0.529,0.286,1],"t":74,"i":{"x":[1],"y":[1]},"o":{"x":[0],"y":[0]}}]},"o":{"a":0,"k":100,"ix":5},"r":1,"bm":0,"nm":"Fill 1","mn":"ADBE Vector Graphic - Fill","hd":false},{"ty":"tr","p":{"a":0,"k":[143.628,655.052],"ix":2},"a":{"a":0,"k":[0,0],"ix":1},"s":{"a":0,"k":[100,100],"ix":3},"r":{"a":0,"k":0,"ix":6},"o":{"a":0,"k":100,"ix":7},"sk":{"a":0,"k":0,"ix":4},"sa":{"a":0,"k":0,"ix":5},"nm":"Transform"}],"nm":"Group 28","np":2,"cix":2,"bm":0,"ix":34,"mn":"ADBE Vector Group","hd":false}],"ip":0,"op":75,"st":0,"bm":0},{"ddd":0,"ind":2,"ty":0,"nm":"_star","refId":"comp_0","sr":1,"ks":{"o":{"a":1,"k":[{"i":{"x":[0.833],"y":[0.833]},"o":{"x":[0.167],"y":[0.167]},"t":48,"s":[100]},{"t":62,"s":[0]}],"ix":11},"r":{"a":0,"k":52,"ix":10},"p":{"s":true,"x":{"a":1,"k":[{"i":{"x":[0.512],"y":[0.617]},"o":{"x":[0.333],"y":[0]},"t":13,"s":[536.047]},{"t":53,"s":[677.529]}],"ix":3},"y":{"a":1,"k":[{"i":{"x":[0],"y":[1]},"o":{"x":[0.333],"y":[0]},"t":13,"s":[838.422]},{"t":53,"s":[520.884]}],"ix":4}},"a":{"a":0,"k":[50,50,0],"ix":1,"l":2},"s":{"a":1,"k":[{"i":{"x":[0.833,0.833,0.833],"y":[0.833,0.833,0.833]},"o":{"x":[0.167,0.167,0.167],"y":[0.167,0.167,0.167]},"t":13,"s":[0,0,100]},{"t":43,"s":[115.758,115.758,100]}],"ix":6,"l":2}},"ao":0,"w":100,"h":100,"ip":13,"op":163,"st":13,"bm":0},{"ddd":0,"ind":3,"ty":0,"nm":"_star","refId":"comp_0","sr":1,"ks":{"o":{"a":1,"k":[{"i":{"x":[0.833],"y":[0.833]},"o":{"x":[0.167],"y":[0.167]},"t":48,"s":[100]},{"t":62,"s":[0]}],"ix":11},"r":{"a":0,"k":72,"ix":10},"p":{"s":true,"x":{"a":1,"k":[{"i":{"x":[0.225],"y":[0.669]},"o":{"x":[0.333],"y":[0]},"t":13,"s":[536.047]},{"t":53,"s":[709.92]}],"ix":3},"y":{"a":1,"k":[{"i":{"x":[0],"y":[1]},"o":{"x":[0.333],"y":[0]},"t":13,"s":[838.422]},{"t":53,"s":[615.402]}],"ix":4}},"a":{"a":0,"k":[50,50,0],"ix":1,"l":2},"s":{"a":1,"k":[{"i":{"x":[0.833,0.833,0.833],"y":[0.833,0.833,0.833]},"o":{"x":[0.167,0.167,0.167],"y":[0.167,0.167,0.167]},"t":13,"s":[0,0,100]},{"t":43,"s":[81.774,81.774,100]}],"ix":6,"l":2}},"ao":0,"w":100,"h":100,"ip":13,"op":163,"st":13,"bm":0},{"ddd":0,"ind":4,"ty":0,"nm":"_star","refId":"comp_0","sr":1,"ks":{"o":{"a":1,"k":[{"i":{"x":[0.833],"y":[0.833]},"o":{"x":[0.167],"y":[0.167]},"t":48,"s":[100]},{"t":62,"s":[0]}],"ix":11},"r":{"a":0,"k":135,"ix":10},"p":{"s":true,"x":{"a":1,"k":[{"i":{"x":[0.233],"y":[0.663]},"o":{"x":[0.333],"y":[0]},"t":13,"s":[536.047]},{"t":53,"s":[780.543]}],"ix":3},"y":{"a":1,"k":[{"i":{"x":[0],"y":[1]},"o":{"x":[0.333],"y":[0]},"t":13,"s":[838.422]},{"t":53,"s":[488.493]}],"ix":4}},"a":{"a":0,"k":[50,50,0],"ix":1,"l":2},"s":{"a":1,"k":[{"i":{"x":[0.833,0.833,0.833],"y":[0.833,0.833,0.833]},"o":{"x":[0.167,0.167,0.167],"y":[0.167,0.167,0.167]},"t":13,"s":[0,0,100]},{"t":43,"s":[71.154,71.154,100]}],"ix":6,"l":2}},"ao":0,"w":100,"h":100,"ip":13,"op":163,"st":13,"bm":0},{"ddd":0,"ind":5,"ty":0,"nm":"_star","refId":"comp_0","sr":1,"ks":{"o":{"a":1,"k":[{"i":{"x":[0.833],"y":[0.833]},"o":{"x":[0.167],"y":[0.167]},"t":48,"s":[100]},{"t":62,"s":[0]}],"ix":11},"r":{"a":0,"k":106,"ix":10},"p":{"s":true,"x":{"a":1,"k":[{"i":{"x":[0.425],"y":[0.615]},"o":{"x":[0.333],"y":[0]},"t":13,"s":[536.047]},{"t":53,"s":[392.913]}],"ix":3},"y":{"a":1,"k":[{"i":{"x":[0],"y":[1]},"o":{"x":[0.333],"y":[0]},"t":13,"s":[838.422]},{"t":53,"s":[475.218]}],"ix":4}},"a":{"a":0,"k":[50,50,0],"ix":1,"l":2},"s":{"a":1,"k":[{"i":{"x":[0.833,0.833,0.833],"y":[0.833,0.833,0.833]},"o":{"x":[0.167,0.167,0.167],"y":[0.167,0.167,0.167]},"t":13,"s":[0,0,100]},{"t":43,"s":[92.394,92.394,100]}],"ix":6,"l":2}},"ao":0,"w":100,"h":100,"ip":13,"op":163,"st":13,"bm":0},{"ddd":0,"ind":6,"ty":0,"nm":"_star","refId":"comp_0","sr":1,"ks":{"o":{"a":1,"k":[{"i":{"x":[0.833],"y":[0.833]},"o":{"x":[0.167],"y":[0.167]},"t":48,"s":[100]},{"t":62,"s":[0]}],"ix":11},"r":{"a":0,"k":122,"ix":10},"p":{"s":true,"x":{"a":1,"k":[{"i":{"x":[0.286],"y":[0.738]},"o":{"x":[0.333],"y":[0]},"t":13,"s":[536.047]},{"t":53,"s":[359.991]}],"ix":3},"y":{"a":1,"k":[{"i":{"x":[0],"y":[1]},"o":{"x":[0.333],"y":[0]},"t":13,"s":[838.422]},{"t":53,"s":[607.968]}],"ix":4}},"a":{"a":0,"k":[50,50,0],"ix":1,"l":2},"s":{"a":1,"k":[{"i":{"x":[0.833,0.833,0.833],"y":[0.833,0.833,0.833]},"o":{"x":[0.167,0.167,0.167],"y":[0.167,0.167,0.167]},"t":13,"s":[0,0,100]},{"t":43,"s":[79.65,79.65,100]}],"ix":6,"l":2}},"ao":0,"w":100,"h":100,"ip":13,"op":163,"st":13,"bm":0},{"ddd":0,"ind":7,"ty":0,"nm":"_diamond","refId":"comp_1","sr":1,"ks":{"o":{"a":1,"k":[{"i":{"x":[0.833],"y":[0.833]},"o":{"x":[0.167],"y":[0.167]},"t":48,"s":[100]},{"t":62,"s":[0]}],"ix":11},"r":{"a":0,"k":12,"ix":10},"p":{"s":true,"x":{"a":1,"k":[{"i":{"x":[0.363],"y":[0.634]},"o":{"x":[0.333],"y":[0]},"t":13,"s":[536.047]},{"t":53,"s":[710.982]}],"ix":3},"y":{"a":1,"k":[{"i":{"x":[0],"y":[1]},"o":{"x":[0.333],"y":[0]},"t":13,"s":[838.422]},{"t":53,"s":[469.377]}],"ix":4}},"a":{"a":0,"k":[50,50,0],"ix":1,"l":2},"s":{"a":1,"k":[{"i":{"x":[0.833,0.833,0.833],"y":[0.833,0.833,0.833]},"o":{"x":[0.167,0.167,0.167],"y":[0.167,0.167,0.167]},"t":13,"s":[0,0,100]},{"t":43,"s":[57.348,57.348,100]}],"ix":6,"l":2}},"ao":0,"w":100,"h":100,"ip":13,"op":163,"st":13,"bm":0},{"ddd":0,"ind":8,"ty":0,"nm":"_diamond","refId":"comp_1","sr":1,"ks":{"o":{"a":1,"k":[{"i":{"x":[0.833],"y":[0.833]},"o":{"x":[0.167],"y":[0.167]},"t":48,"s":[100]},{"t":62,"s":[0]}],"ix":11},"r":{"a":0,"k":-41,"ix":10},"p":{"s":true,"x":{"a":1,"k":[{"i":{"x":[0.36],"y":[0.683]},"o":{"x":[0.333],"y":[0]},"t":13,"s":[536.047]},{"t":53,"s":[400.878]}],"ix":3},"y":{"a":1,"k":[{"i":{"x":[0],"y":[1]},"o":{"x":[0.333],"y":[0]},"t":13,"s":[838.422]},{"t":53,"s":[519.822]}],"ix":4}},"a":{"a":0,"k":[50,50,0],"ix":1,"l":2},"s":{"a":1,"k":[{"i":{"x":[0.833,0.833,0.833],"y":[0.833,0.833,0.833]},"o":{"x":[0.167,0.167,0.167],"y":[0.167,0.167,0.167]},"t":13,"s":[0,0,100]},{"t":43,"s":[57.348,57.348,100]}],"ix":6,"l":2}},"ao":0,"w":100,"h":100,"ip":13,"op":163,"st":13,"bm":0},{"ddd":0,"ind":9,"ty":0,"nm":"_cross","refId":"comp_2","sr":1,"ks":{"o":{"a":1,"k":[{"i":{"x":[0.833],"y":[0.833]},"o":{"x":[0.167],"y":[0.167]},"t":48,"s":[100]},{"t":62,"s":[0]}],"ix":11},"r":{"a":0,"k":-25,"ix":10},"p":{"s":true,"x":{"a":1,"k":[{"i":{"x":[0.26],"y":[0.787]},"o":{"x":[0.333],"y":[0]},"t":13,"s":[536.047]},{"t":53,"s":[430.614]}],"ix":3},"y":{"a":1,"k":[{"i":{"x":[0],"y":[1]},"o":{"x":[0.333],"y":[0]},"t":13,"s":[838.422]},{"t":53,"s":[664.254]}],"ix":4}},"a":{"a":0,"k":[50,50,0],"ix":1,"l":2},"s":{"a":1,"k":[{"i":{"x":[0.833,0.833,0.833],"y":[0.833,0.833,0.833]},"o":{"x":[0.167,0.167,0.167],"y":[0.167,0.167,0.167]},"t":13,"s":[0,0,100]},{"t":43,"s":[76.464,76.464,100]}],"ix":6,"l":2}},"ao":0,"w":100,"h":100,"ip":13,"op":223,"st":13,"bm":0},{"ddd":0,"ind":10,"ty":0,"nm":"_circle","refId":"comp_3","sr":1,"ks":{"o":{"a":1,"k":[{"i":{"x":[0.833],"y":[0.833]},"o":{"x":[0.167],"y":[0.167]},"t":48,"s":[100]},{"t":62,"s":[0]}],"ix":11},"r":{"a":0,"k":0,"ix":10},"p":{"s":true,"x":{"a":1,"k":[{"i":{"x":[0.345],"y":[0.644]},"o":{"x":[0.333],"y":[0]},"t":13,"s":[536.047]},{"t":53,"s":[757.179]}],"ix":3},"y":{"a":1,"k":[{"i":{"x":[0],"y":[1]},"o":{"x":[0.333],"y":[0]},"t":13,"s":[838.422]},{"t":53,"s":[563.364]}],"ix":4}},"a":{"a":0,"k":[50,50,0],"ix":1,"l":2},"s":{"a":1,"k":[{"i":{"x":[0.833,0.833,0.833],"y":[0.833,0.833,0.833]},"o":{"x":[0.167,0.167,0.167],"y":[0.167,0.167,0.167]},"t":13,"s":[0,0,100]},{"t":43,"s":[77.526,77.526,100]}],"ix":6,"l":2}},"ao":0,"w":100,"h":100,"ip":13,"op":163,"st":13,"bm":0},{"ddd":0,"ind":11,"ty":0,"nm":"_circle","refId":"comp_3","sr":1,"ks":{"o":{"a":1,"k":[{"i":{"x":[0.833],"y":[0.833]},"o":{"x":[0.167],"y":[0.167]},"t":48,"s":[100]},{"t":62,"s":[0]}],"ix":11},"r":{"a":0,"k":0,"ix":10},"p":{"s":true,"x":{"a":1,"k":[{"i":{"x":[0.254],"y":[0.776]},"o":{"x":[0.333],"y":[0]},"t":13,"s":[536.047]},{"t":53,"s":[252.729]}],"ix":3},"y":{"a":1,"k":[{"i":{"x":[0],"y":[1]},"o":{"x":[0.333],"y":[0]},"t":13,"s":[838.422]},{"t":53,"s":[552.744]}],"ix":4}},"a":{"a":0,"k":[50,50,0],"ix":1,"l":2},"s":{"a":1,"k":[{"i":{"x":[0.833,0.833,0.833],"y":[0.833,0.833,0.833]},"o":{"x":[0.167,0.167,0.167],"y":[0.167,0.167,0.167]},"t":13,"s":[0,0,100]},{"t":43,"s":[47.79,47.79,100]}],"ix":6,"l":2}},"ao":0,"w":100,"h":100,"ip":13,"op":163,"st":13,"bm":0},{"ddd":0,"ind":12,"ty":0,"nm":"_zig zag","refId":"comp_4","sr":1,"ks":{"o":{"a":1,"k":[{"i":{"x":[0.833],"y":[0.833]},"o":{"x":[0.167],"y":[0.167]},"t":48,"s":[100]},{"t":62,"s":[0]}],"ix":11},"r":{"a":0,"k":-31,"ix":10},"p":{"s":true,"x":{"a":1,"k":[{"i":{"x":[0.346],"y":[0.72]},"o":{"x":[0.333],"y":[0]},"t":13,"s":[536.047]},{"t":53,"s":[633.987]}],"ix":3},"y":{"a":1,"k":[{"i":{"x":[0],"y":[1]},"o":{"x":[0.333],"y":[0]},"t":13,"s":[838.422]},{"t":53,"s":[676.467]}],"ix":4}},"a":{"a":0,"k":[50,50,0],"ix":1,"l":2},"s":{"a":1,"k":[{"i":{"x":[0.833,0.833,0.833],"y":[0.833,0.833,0.833]},"o":{"x":[0.167,0.167,0.167],"y":[0.167,0.167,0.167]},"t":13,"s":[0,0,100]},{"t":43,"s":[78.588,78.588,100]}],"ix":6,"l":2}},"ao":0,"w":100,"h":100,"ip":13,"op":193,"st":13,"bm":0},{"ddd":0,"ind":13,"ty":0,"nm":"_zig zag","refId":"comp_4","sr":1,"ks":{"o":{"a":1,"k":[{"i":{"x":[0.833],"y":[0.833]},"o":{"x":[0.167],"y":[0.167]},"t":48,"s":[100]},{"t":62,"s":[0]}],"ix":11},"r":{"a":0,"k":-50,"ix":10},"p":{"s":true,"x":{"a":1,"k":[{"i":{"x":[0.125],"y":[0.746]},"o":{"x":[0.333],"y":[0]},"t":13,"s":[536.047]},{"t":53,"s":[847.98]}],"ix":3},"y":{"a":1,"k":[{"i":{"x":[0],"y":[1]},"o":{"x":[0.333],"y":[0]},"t":13,"s":[838.422]},{"t":53,"s":[509.733]}],"ix":4}},"a":{"a":0,"k":[50,50,0],"ix":1,"l":2},"s":{"a":1,"k":[{"i":{"x":[0.833,0.833,0.833],"y":[0.833,0.833,0.833]},"o":{"x":[0.167,0.167,0.167],"y":[0.167,0.167,0.167]},"t":13,"s":[0,0,100]},{"t":43,"s":[78.588,78.588,100]}],"ix":6,"l":2}},"ao":0,"w":100,"h":100,"ip":13,"op":193,"st":13,"bm":0},{"ddd":0,"ind":14,"ty":0,"nm":"_zig zag","refId":"comp_4","sr":1,"ks":{"o":{"a":1,"k":[{"i":{"x":[0.833],"y":[0.833]},"o":{"x":[0.167],"y":[0.167]},"t":48,"s":[100]},{"t":62,"s":[0]}],"ix":11},"r":{"a":0,"k":38,"ix":10},"p":{"s":true,"x":{"a":1,"k":[{"i":{"x":[0.286],"y":[0.676]},"o":{"x":[0.333],"y":[0]},"t":13,"s":[536.047]},{"t":53,"s":[322.29]}],"ix":3},"y":{"a":1,"k":[{"i":{"x":[0],"y":[1]},"o":{"x":[0.333],"y":[0]},"t":13,"s":[838.422]},{"t":53,"s":[551.682]}],"ix":4}},"a":{"a":0,"k":[50,50,0],"ix":1,"l":2},"s":{"a":1,"k":[{"i":{"x":[0.833,0.833,0.833],"y":[0.833,0.833,0.833]},"o":{"x":[0.167,0.167,0.167],"y":[0.167,0.167,0.167]},"t":13,"s":[0,0,100]},{"t":43,"s":[78.588,78.588,100]}],"ix":6,"l":2}},"ao":0,"w":100,"h":100,"ip":13,"op":193,"st":13,"bm":0},{"ddd":0,"ind":15,"ty":0,"nm":"_zig zag","refId":"comp_4","sr":1,"ks":{"o":{"a":1,"k":[{"i":{"x":[0.833],"y":[0.833]},"o":{"x":[0.167],"y":[0.167]},"t":48,"s":[100]},{"t":62,"s":[0]}],"ix":11},"r":{"a":0,"k":-19,"ix":10},"p":{"s":true,"x":{"a":1,"k":[{"i":{"x":[0.226],"y":[0.731]},"o":{"x":[0.333],"y":[0]},"t":13,"s":[536.047]},{"t":53,"s":[498.582]}],"ix":3},"y":{"a":1,"k":[{"i":{"x":[0],"y":[1]},"o":{"x":[0.333],"y":[0]},"t":13,"s":[838.422]},{"t":53,"s":[692.928]}],"ix":4}},"a":{"a":0,"k":[50,50,0],"ix":1,"l":2},"s":{"a":1,"k":[{"i":{"x":[0.833,0.833,0.833],"y":[0.833,0.833,0.833]},"o":{"x":[0.167,0.167,0.167],"y":[0.167,0.167,0.167]},"t":13,"s":[0,0,100]},{"t":43,"s":[78.588,78.588,100]}],"ix":6,"l":2}},"ao":0,"w":100,"h":100,"ip":13,"op":193,"st":13,"bm":0},{"ddd":0,"ind":16,"ty":0,"nm":"_star","refId":"comp_0","sr":1,"ks":{"o":{"a":1,"k":[{"i":{"x":[0.833],"y":[0.833]},"o":{"x":[0.167],"y":[0.167]},"t":45,"s":[100]},{"t":59,"s":[0]}],"ix":11},"r":{"a":0,"k":19,"ix":10},"p":{"s":true,"x":{"a":1,"k":[{"i":{"x":[0.512],"y":[0.506]},"o":{"x":[0.333],"y":[0]},"t":10,"s":[536.047]},{"t":50,"s":[485.307]}],"ix":3},"y":{"a":1,"k":[{"i":{"x":[0],"y":[1]},"o":{"x":[0.333],"y":[0]},"t":10,"s":[838.422]},{"t":50,"s":[233.613]}],"ix":4}},"a":{"a":0,"k":[50,50,0],"ix":1,"l":2},"s":{"a":1,"k":[{"i":{"x":[0.833,0.833,0.833],"y":[0.833,0.833,0.833]},"o":{"x":[0.167,0.167,0.167],"y":[0.167,0.167,0.167]},"t":10,"s":[0,0,100]},{"t":40,"s":[74.34,74.34,100]}],"ix":6,"l":2}},"ao":0,"w":100,"h":100,"ip":10,"op":160,"st":10,"bm":0},{"ddd":0,"ind":17,"ty":0,"nm":"_star","refId":"comp_0","sr":1,"ks":{"o":{"a":1,"k":[{"i":{"x":[0.833],"y":[0.833]},"o":{"x":[0.167],"y":[0.167]},"t":45,"s":[100]},{"t":59,"s":[0]}],"ix":11},"r":{"a":0,"k":82,"ix":10},"p":{"s":true,"x":{"a":1,"k":[{"i":{"x":[0.215],"y":[0.673]},"o":{"x":[0.333],"y":[0]},"t":10,"s":[536.047]},{"t":50,"s":[189.54]}],"ix":3},"y":{"a":1,"k":[{"i":{"x":[0],"y":[1]},"o":{"x":[0.333],"y":[0]},"t":10,"s":[838.422]},{"t":50,"s":[387.072]}],"ix":4}},"a":{"a":0,"k":[50,50,0],"ix":1,"l":2},"s":{"a":1,"k":[{"i":{"x":[0.833,0.833,0.833],"y":[0.833,0.833,0.833]},"o":{"x":[0.167,0.167,0.167],"y":[0.167,0.167,0.167]},"t":10,"s":[0,0,100]},{"t":40,"s":[122.13,122.13,100]}],"ix":6,"l":2}},"ao":0,"w":100,"h":100,"ip":10,"op":160,"st":10,"bm":0},{"ddd":0,"ind":18,"ty":0,"nm":"_star","refId":"comp_0","sr":1,"ks":{"o":{"a":1,"k":[{"i":{"x":[0.833],"y":[0.833]},"o":{"x":[0.167],"y":[0.167]},"t":45,"s":[100]},{"t":59,"s":[0]}],"ix":11},"r":{"a":0,"k":164,"ix":10},"p":{"s":true,"x":{"a":1,"k":[{"i":{"x":[0.354],"y":[0.626]},"o":{"x":[0.333],"y":[0]},"t":10,"s":[536.047]},{"t":50,"s":[823.554]}],"ix":3},"y":{"a":1,"k":[{"i":{"x":[0],"y":[1]},"o":{"x":[0.333],"y":[0]},"t":10,"s":[838.422]},{"t":50,"s":[341.406]}],"ix":4}},"a":{"a":0,"k":[50,50,0],"ix":1,"l":2},"s":{"a":1,"k":[{"i":{"x":[0.833,0.833,0.833],"y":[0.833,0.833,0.833]},"o":{"x":[0.167,0.167,0.167],"y":[0.167,0.167,0.167]},"t":10,"s":[0,0,100]},{"t":40,"s":[77.526,77.526,100]}],"ix":6,"l":2}},"ao":0,"w":100,"h":100,"ip":10,"op":160,"st":10,"bm":0},{"ddd":0,"ind":19,"ty":0,"nm":"_diamond","refId":"comp_1","sr":1,"ks":{"o":{"a":1,"k":[{"i":{"x":[0.833],"y":[0.833]},"o":{"x":[0.167],"y":[0.167]},"t":45,"s":[100]},{"t":59,"s":[0]}],"ix":11},"r":{"a":0,"k":-30,"ix":10},"p":{"s":true,"x":{"a":1,"k":[{"i":{"x":[0.219],"y":[0.796]},"o":{"x":[0.333],"y":[0]},"t":10,"s":[536.047]},{"t":50,"s":[916.479]}],"ix":3},"y":{"a":1,"k":[{"i":{"x":[0.122],"y":[1.132]},"o":{"x":[0.333],"y":[0]},"t":10,"s":[838.422]},{"t":50,"s":[456.633]}],"ix":4}},"a":{"a":0,"k":[50,50,0],"ix":1,"l":2},"s":{"a":1,"k":[{"i":{"x":[0.833,0.833,0.833],"y":[0.833,0.833,0.833]},"o":{"x":[0.167,0.167,0.167],"y":[0.167,0.167,0.167]},"t":10,"s":[0,0,100]},{"t":40,"s":[80.712,80.712,100]}],"ix":6,"l":2}},"ao":0,"w":100,"h":100,"ip":10,"op":160,"st":10,"bm":0},{"ddd":0,"ind":20,"ty":0,"nm":"_diamond","refId":"comp_1","sr":1,"ks":{"o":{"a":1,"k":[{"i":{"x":[0.833],"y":[0.833]},"o":{"x":[0.167],"y":[0.167]},"t":45,"s":[100]},{"t":59,"s":[0]}],"ix":11},"r":{"a":0,"k":34,"ix":10},"p":{"s":true,"x":{"a":1,"k":[{"i":{"x":[0.29],"y":[0.744]},"o":{"x":[0.333],"y":[0]},"t":10,"s":[536.047]},{"t":50,"s":[255.915]}],"ix":3},"y":{"a":1,"k":[{"i":{"x":[0],"y":[1]},"o":{"x":[0.333],"y":[0]},"t":10,"s":[838.422]},{"t":50,"s":[443.358]}],"ix":4}},"a":{"a":0,"k":[50,50,0],"ix":1,"l":2},"s":{"a":1,"k":[{"i":{"x":[0.833,0.833,0.833],"y":[0.833,0.833,0.833]},"o":{"x":[0.167,0.167,0.167],"y":[0.167,0.167,0.167]},"t":10,"s":[0,0,100]},{"t":40,"s":[89.208,89.208,100]}],"ix":6,"l":2}},"ao":0,"w":100,"h":100,"ip":10,"op":160,"st":10,"bm":0},{"ddd":0,"ind":21,"ty":0,"nm":"_cross","refId":"comp_2","sr":1,"ks":{"o":{"a":1,"k":[{"i":{"x":[0.833],"y":[0.833]},"o":{"x":[0.167],"y":[0.167]},"t":45,"s":[100]},{"t":59,"s":[0]}],"ix":11},"r":{"a":0,"k":33,"ix":10},"p":{"s":true,"x":{"a":1,"k":[{"i":{"x":[0.327],"y":[0.727]},"o":{"x":[0.333],"y":[0]},"t":10,"s":[536.047]},{"t":50,"s":[816.12]}],"ix":3},"y":{"a":1,"k":[{"i":{"x":[0],"y":[1]},"o":{"x":[0.333],"y":[0]},"t":10,"s":[838.422]},{"t":50,"s":[407.781]}],"ix":4}},"a":{"a":0,"k":[50,50,0],"ix":1,"l":2},"s":{"a":1,"k":[{"i":{"x":[0.833,0.833,0.833],"y":[0.833,0.833,0.833]},"o":{"x":[0.167,0.167,0.167],"y":[0.167,0.167,0.167]},"t":10,"s":[0,0,100]},{"t":40,"s":[76.464,76.464,100]}],"ix":6,"l":2}},"ao":0,"w":100,"h":100,"ip":10,"op":220,"st":10,"bm":0},{"ddd":0,"ind":22,"ty":0,"nm":"_circle","refId":"comp_3","sr":1,"ks":{"o":{"a":1,"k":[{"i":{"x":[0.833],"y":[0.833]},"o":{"x":[0.167],"y":[0.167]},"t":45,"s":[100]},{"t":59,"s":[0]}],"ix":11},"r":{"a":0,"k":0,"ix":10},"p":{"s":true,"x":{"a":1,"k":[{"i":{"x":[0.414],"y":[0.646]},"o":{"x":[0.333],"y":[0]},"t":10,"s":[536.047]},{"t":50,"s":[644.607]}],"ix":3},"y":{"a":1,"k":[{"i":{"x":[0],"y":[1]},"o":{"x":[0.333],"y":[0]},"t":10,"s":[838.422]},{"t":50,"s":[228.834]}],"ix":4}},"a":{"a":0,"k":[50,50,0],"ix":1,"l":2},"s":{"a":1,"k":[{"i":{"x":[0.833,0.833,0.833],"y":[0.833,0.833,0.833]},"o":{"x":[0.167,0.167,0.167],"y":[0.167,0.167,0.167]},"t":10,"s":[0,0,100]},{"t":40,"s":[61.596,61.596,100]}],"ix":6,"l":2}},"ao":0,"w":100,"h":100,"ip":10,"op":160,"st":10,"bm":0},{"ddd":0,"ind":23,"ty":0,"nm":"_circle","refId":"comp_3","sr":1,"ks":{"o":{"a":1,"k":[{"i":{"x":[0.833],"y":[0.833]},"o":{"x":[0.167],"y":[0.167]},"t":45,"s":[100]},{"t":59,"s":[0]}],"ix":11},"r":{"a":0,"k":0,"ix":10},"p":{"s":true,"x":{"a":1,"k":[{"i":{"x":[0.24],"y":[0.684]},"o":{"x":[0.333],"y":[0]},"t":10,"s":[536.047]},{"t":50,"s":[873.468]}],"ix":3},"y":{"a":1,"k":[{"i":{"x":[0],"y":[1]},"o":{"x":[0.333],"y":[0]},"t":10,"s":[838.422]},{"t":50,"s":[394.506]}],"ix":4}},"a":{"a":0,"k":[50,50,0],"ix":1,"l":2},"s":{"a":1,"k":[{"i":{"x":[0.833,0.833,0.833],"y":[0.833,0.833,0.833]},"o":{"x":[0.167,0.167,0.167],"y":[0.167,0.167,0.167]},"t":10,"s":[0,0,100]},{"t":40,"s":[60.534,60.534,100]}],"ix":6,"l":2}},"ao":0,"w":100,"h":100,"ip":10,"op":160,"st":10,"bm":0},{"ddd":0,"ind":24,"ty":0,"nm":"_circle","refId":"comp_3","sr":1,"ks":{"o":{"a":1,"k":[{"i":{"x":[0.833],"y":[0.833]},"o":{"x":[0.167],"y":[0.167]},"t":45,"s":[100]},{"t":59,"s":[0]}],"ix":11},"r":{"a":0,"k":0,"ix":10},"p":{"s":true,"x":{"a":1,"k":[{"i":{"x":[0.283],"y":[0.73]},"o":{"x":[0.333],"y":[0]},"t":10,"s":[536.047]},{"t":50,"s":[135.378]}],"ix":3},"y":{"a":1,"k":[{"i":{"x":[0.079],"y":[1.144]},"o":{"x":[0.333],"y":[0]},"t":10,"s":[838.422]},{"t":50,"s":[466.191]}],"ix":4}},"a":{"a":0,"k":[50,50,0],"ix":1,"l":2},"s":{"a":1,"k":[{"i":{"x":[0.833,0.833,0.833],"y":[0.833,0.833,0.833]},"o":{"x":[0.167,0.167,0.167],"y":[0.167,0.167,0.167]},"t":10,"s":[0,0,100]},{"t":40,"s":[61.596,61.596,100]}],"ix":6,"l":2}},"ao":0,"w":100,"h":100,"ip":10,"op":160,"st":10,"bm":0},{"ddd":0,"ind":25,"ty":0,"nm":"_circle","refId":"comp_3","sr":1,"ks":{"o":{"a":1,"k":[{"i":{"x":[0.833],"y":[0.833]},"o":{"x":[0.167],"y":[0.167]},"t":45,"s":[100]},{"t":59,"s":[0]}],"ix":11},"r":{"a":0,"k":0,"ix":10},"p":{"s":true,"x":{"a":1,"k":[{"i":{"x":[0.237],"y":[0.699]},"o":{"x":[0.333],"y":[0]},"t":10,"s":[536.047]},{"t":50,"s":[752.4]}],"ix":3},"y":{"a":1,"k":[{"i":{"x":[0],"y":[1]},"o":{"x":[0.333],"y":[0]},"t":10,"s":[838.422]},{"t":50,"s":[305.298]}],"ix":4}},"a":{"a":0,"k":[50,50,0],"ix":1,"l":2},"s":{"a":1,"k":[{"i":{"x":[0.833,0.833,0.833],"y":[0.833,0.833,0.833]},"o":{"x":[0.167,0.167,0.167],"y":[0.167,0.167,0.167]},"t":10,"s":[0,0,100]},{"t":40,"s":[63.72,63.72,100]}],"ix":6,"l":2}},"ao":0,"w":100,"h":100,"ip":10,"op":160,"st":10,"bm":0},{"ddd":0,"ind":26,"ty":0,"nm":"_circle","refId":"comp_3","sr":1,"ks":{"o":{"a":1,"k":[{"i":{"x":[0.833],"y":[0.833]},"o":{"x":[0.167],"y":[0.167]},"t":45,"s":[100]},{"t":59,"s":[0]}],"ix":11},"r":{"a":0,"k":0,"ix":10},"p":{"s":true,"x":{"a":1,"k":[{"i":{"x":[0.308],"y":[0.684]},"o":{"x":[0.333],"y":[0]},"t":10,"s":[536.047]},{"t":50,"s":[335.565]}],"ix":3},"y":{"a":1,"k":[{"i":{"x":[0],"y":[1]},"o":{"x":[0.333],"y":[0]},"t":10,"s":[838.422]},{"t":50,"s":[425.835]}],"ix":4}},"a":{"a":0,"k":[50,50,0],"ix":1,"l":2},"s":{"a":1,"k":[{"i":{"x":[0.833,0.833,0.833],"y":[0.833,0.833,0.833]},"o":{"x":[0.167,0.167,0.167],"y":[0.167,0.167,0.167]},"t":10,"s":[0,0,100]},{"t":40,"s":[59.472,59.472,100]}],"ix":6,"l":2}},"ao":0,"w":100,"h":100,"ip":10,"op":160,"st":10,"bm":0},{"ddd":0,"ind":27,"ty":0,"nm":"_circle","refId":"comp_3","sr":1,"ks":{"o":{"a":1,"k":[{"i":{"x":[0.833],"y":[0.833]},"o":{"x":[0.167],"y":[0.167]},"t":45,"s":[100]},{"t":59,"s":[0]}],"ix":11},"r":{"a":0,"k":0,"ix":10},"p":{"s":true,"x":{"a":1,"k":[{"i":{"x":[0.359],"y":[0.643]},"o":{"x":[0.333],"y":[0]},"t":10,"s":[536.047]},{"t":50,"s":[729.567]}],"ix":3},"y":{"a":1,"k":[{"i":{"x":[0],"y":[1]},"o":{"x":[0.333],"y":[0]},"t":10,"s":[838.422]},{"t":50,"s":[399.285]}],"ix":4}},"a":{"a":0,"k":[50,50,0],"ix":1,"l":2},"s":{"a":1,"k":[{"i":{"x":[0.833,0.833,0.833],"y":[0.833,0.833,0.833]},"o":{"x":[0.167,0.167,0.167],"y":[0.167,0.167,0.167]},"t":10,"s":[0,0,100]},{"t":40,"s":[82.836,82.836,100]}],"ix":6,"l":2}},"ao":0,"w":100,"h":100,"ip":10,"op":160,"st":10,"bm":0},{"ddd":0,"ind":28,"ty":0,"nm":"_zig zag","refId":"comp_4","sr":1,"ks":{"o":{"a":1,"k":[{"i":{"x":[0.833],"y":[0.833]},"o":{"x":[0.167],"y":[0.167]},"t":45,"s":[100]},{"t":59,"s":[0]}],"ix":11},"r":{"a":0,"k":60,"ix":10},"p":{"s":true,"x":{"a":1,"k":[{"i":{"x":[0.367],"y":[0.557]},"o":{"x":[0.333],"y":[0]},"t":10,"s":[536.047]},{"t":50,"s":[576.108]}],"ix":3},"y":{"a":1,"k":[{"i":{"x":[0],"y":[1]},"o":{"x":[0.333],"y":[0]},"t":10,"s":[838.422]},{"t":50,"s":[242.109]}],"ix":4}},"a":{"a":0,"k":[50,50,0],"ix":1,"l":2},"s":{"a":1,"k":[{"i":{"x":[0.833,0.833,0.833],"y":[0.833,0.833,0.833]},"o":{"x":[0.167,0.167,0.167],"y":[0.167,0.167,0.167]},"t":10,"s":[0,0,100]},{"t":40,"s":[78.588,78.588,100]}],"ix":6,"l":2}},"ao":0,"w":100,"h":100,"ip":10,"op":190,"st":10,"bm":0},{"ddd":0,"ind":29,"ty":0,"nm":"_zig zag","refId":"comp_4","sr":1,"ks":{"o":{"a":1,"k":[{"i":{"x":[0.833],"y":[0.833]},"o":{"x":[0.167],"y":[0.167]},"t":45,"s":[100]},{"t":59,"s":[0]}],"ix":11},"r":{"a":0,"k":53,"ix":10},"p":{"s":true,"x":{"a":1,"k":[{"i":{"x":[0.303],"y":[0.698]},"o":{"x":[0.333],"y":[0]},"t":10,"s":[536.047]},{"t":50,"s":[373.797]}],"ix":3},"y":{"a":1,"k":[{"i":{"x":[0],"y":[1]},"o":{"x":[0.333],"y":[0]},"t":10,"s":[838.422]},{"t":50,"s":[299.988]}],"ix":4}},"a":{"a":0,"k":[50,50,0],"ix":1,"l":2},"s":{"a":1,"k":[{"i":{"x":[0.833,0.833,0.833],"y":[0.833,0.833,0.833]},"o":{"x":[0.167,0.167,0.167],"y":[0.167,0.167,0.167]},"t":10,"s":[0,0,100]},{"t":40,"s":[78.588,78.588,100]}],"ix":6,"l":2}},"ao":0,"w":100,"h":100,"ip":10,"op":190,"st":10,"bm":0},{"ddd":0,"ind":30,"ty":0,"nm":"_zig zag","refId":"comp_4","sr":1,"ks":{"o":{"a":1,"k":[{"i":{"x":[0.833],"y":[0.833]},"o":{"x":[0.167],"y":[0.167]},"t":45,"s":[100]},{"t":59,"s":[0]}],"ix":11},"r":{"a":0,"k":-87,"ix":10},"p":{"s":true,"x":{"a":1,"k":[{"i":{"x":[0.244],"y":[0.716]},"o":{"x":[0.333],"y":[0]},"t":10,"s":[536.047]},{"t":50,"s":[213.966]}],"ix":3},"y":{"a":1,"k":[{"i":{"x":[0.045],"y":[1.066]},"o":{"x":[0.333],"y":[0]},"t":10,"s":[838.422]},{"t":50,"s":[492.21]}],"ix":4}},"a":{"a":0,"k":[50,50,0],"ix":1,"l":2},"s":{"a":1,"k":[{"i":{"x":[0.833,0.833,0.833],"y":[0.833,0.833,0.833]},"o":{"x":[0.167,0.167,0.167],"y":[0.167,0.167,0.167]},"t":10,"s":[0,0,100]},{"t":40,"s":[78.588,78.588,100]}],"ix":6,"l":2}},"ao":0,"w":100,"h":100,"ip":10,"op":190,"st":10,"bm":0},{"ddd":0,"ind":31,"ty":0,"nm":"_zig zag","refId":"comp_4","sr":1,"ks":{"o":{"a":1,"k":[{"i":{"x":[0.833],"y":[0.833]},"o":{"x":[0.167],"y":[0.167]},"t":45,"s":[100]},{"t":59,"s":[0]}],"ix":11},"r":{"a":0,"k":0,"ix":10},"p":{"s":true,"x":{"a":1,"k":[{"i":{"x":[0.263],"y":[0.694]},"o":{"x":[0.333],"y":[0]},"t":10,"s":[536.047]},{"t":50,"s":[276.624]}],"ix":3},"y":{"a":1,"k":[{"i":{"x":[0],"y":[1]},"o":{"x":[0.333],"y":[0]},"t":10,"s":[838.422]},{"t":50,"s":[338.751]}],"ix":4}},"a":{"a":0,"k":[50,50,0],"ix":1,"l":2},"s":{"a":1,"k":[{"i":{"x":[0.833,0.833,0.833],"y":[0.833,0.833,0.833]},"o":{"x":[0.167,0.167,0.167],"y":[0.167,0.167,0.167]},"t":10,"s":[0,0,100]},{"t":40,"s":[78.588,78.588,100]}],"ix":6,"l":2}},"ao":0,"w":100,"h":100,"ip":10,"op":190,"st":10,"bm":0},{"ddd":0,"ind":32,"ty":0,"nm":"_star","refId":"comp_0","sr":1,"ks":{"o":{"a":1,"k":[{"i":{"x":[0.833],"y":[0.833]},"o":{"x":[0.167],"y":[0.167]},"t":42,"s":[100]},{"t":56,"s":[0]}],"ix":11},"r":{"a":0,"k":17,"ix":10},"p":{"s":true,"x":{"a":1,"k":[{"i":{"x":[0.524],"y":[0.719]},"o":{"x":[0.333],"y":[0]},"t":7,"s":[536.047]},{"t":47,"s":[776.826]}],"ix":3},"y":{"a":1,"k":[{"i":{"x":[0],"y":[1]},"o":{"x":[0.333],"y":[0]},"t":7,"s":[838.422]},{"t":47,"s":[243.171]}],"ix":4}},"a":{"a":0,"k":[50,50,0],"ix":1,"l":2},"s":{"a":1,"k":[{"i":{"x":[0.833,0.833,0.833],"y":[0.833,0.833,0.833]},"o":{"x":[0.167,0.167,0.167],"y":[0.167,0.167,0.167]},"t":7,"s":[0,0,100]},{"t":37,"s":[120.006,120.006,100]}],"ix":6,"l":2}},"ao":0,"w":100,"h":100,"ip":7,"op":157,"st":7,"bm":0},{"ddd":0,"ind":33,"ty":0,"nm":"_star","refId":"comp_0","sr":1,"ks":{"o":{"a":1,"k":[{"i":{"x":[0.833],"y":[0.833]},"o":{"x":[0.167],"y":[0.167]},"t":42,"s":[100]},{"t":56,"s":[0]}],"ix":11},"r":{"a":0,"k":36,"ix":10},"p":{"s":true,"x":{"a":1,"k":[{"i":{"x":[0.39],"y":[0.606]},"o":{"x":[0.333],"y":[0]},"t":7,"s":[536.047]},{"t":47,"s":[310.077]}],"ix":3},"y":{"a":1,"k":[{"i":{"x":[0],"y":[1]},"o":{"x":[0.333],"y":[0]},"t":7,"s":[838.422]},{"t":47,"s":[246.888]}],"ix":4}},"a":{"a":0,"k":[50,50,0],"ix":1,"l":2},"s":{"a":1,"k":[{"i":{"x":[0.833,0.833,0.833],"y":[0.833,0.833,0.833]},"o":{"x":[0.167,0.167,0.167],"y":[0.167,0.167,0.167]},"t":7,"s":[0,0,100]},{"t":37,"s":[121.068,121.068,100]}],"ix":6,"l":2}},"ao":0,"w":100,"h":100,"ip":7,"op":157,"st":7,"bm":0},{"ddd":0,"ind":34,"ty":0,"nm":"_star","refId":"comp_0","sr":1,"ks":{"o":{"a":1,"k":[{"i":{"x":[0.833],"y":[0.833]},"o":{"x":[0.167],"y":[0.167]},"t":42,"s":[100]},{"t":56,"s":[0]}],"ix":11},"r":{"a":0,"k":135,"ix":10},"p":{"s":true,"x":{"a":1,"k":[{"i":{"x":[0.302],"y":[0.831]},"o":{"x":[0.333],"y":[0]},"t":7,"s":[536.047]},{"t":47,"s":[1007.811]}],"ix":3},"y":{"a":1,"k":[{"i":{"x":[0.207],"y":[1.16]},"o":{"x":[0.333],"y":[0]},"t":7,"s":[838.422]},{"t":47,"s":[394.506]}],"ix":4}},"a":{"a":0,"k":[50,50,0],"ix":1,"l":2},"s":{"a":1,"k":[{"i":{"x":[0.833,0.833,0.833],"y":[0.833,0.833,0.833]},"o":{"x":[0.167,0.167,0.167],"y":[0.167,0.167,0.167]},"t":7,"s":[0,0,100]},{"t":37,"s":[114.696,114.696,100]}],"ix":6,"l":2}},"ao":0,"w":100,"h":100,"ip":7,"op":157,"st":7,"bm":0},{"ddd":0,"ind":35,"ty":0,"nm":"_star","refId":"comp_0","sr":1,"ks":{"o":{"a":1,"k":[{"i":{"x":[0.833],"y":[0.833]},"o":{"x":[0.167],"y":[0.167]},"t":42,"s":[100]},{"t":56,"s":[0]}],"ix":11},"r":{"a":0,"k":205,"ix":10},"p":{"s":true,"x":{"a":1,"k":[{"i":{"x":[0.303],"y":[0.687]},"o":{"x":[0.333],"y":[0]},"t":7,"s":[536.047]},{"t":47,"s":[569.736]}],"ix":3},"y":{"a":1,"k":[{"i":{"x":[0],"y":[1]},"o":{"x":[0.333],"y":[0]},"t":7,"s":[838.422]},{"t":47,"s":[145.998]}],"ix":4}},"a":{"a":0,"k":[50,50,0],"ix":1,"l":2},"s":{"a":1,"k":[{"i":{"x":[0.833,0.833,0.833],"y":[0.833,0.833,0.833]},"o":{"x":[0.167,0.167,0.167],"y":[0.167,0.167,0.167]},"t":7,"s":[0,0,100]},{"t":37,"s":[178.416,178.416,100]}],"ix":6,"l":2}},"ao":0,"w":100,"h":100,"ip":7,"op":157,"st":7,"bm":0},{"ddd":0,"ind":36,"ty":0,"nm":"_diamond","refId":"comp_1","sr":1,"ks":{"o":{"a":1,"k":[{"i":{"x":[0.833],"y":[0.833]},"o":{"x":[0.167],"y":[0.167]},"t":42,"s":[100]},{"t":56,"s":[0]}],"ix":11},"r":{"a":0,"k":-30,"ix":10},"p":{"s":true,"x":{"a":1,"k":[{"i":{"x":[0.265],"y":[0.717]},"o":{"x":[0.333],"y":[0]},"t":7,"s":[536.047]},{"t":47,"s":[749.214]}],"ix":3},"y":{"a":1,"k":[{"i":{"x":[0],"y":[1]},"o":{"x":[0.333],"y":[0]},"t":7,"s":[838.422]},{"t":47,"s":[174.141]}],"ix":4}},"a":{"a":0,"k":[50,50,0],"ix":1,"l":2},"s":{"a":1,"k":[{"i":{"x":[0.833,0.833,0.833],"y":[0.833,0.833,0.833]},"o":{"x":[0.167,0.167,0.167],"y":[0.167,0.167,0.167]},"t":7,"s":[0,0,100]},{"t":37,"s":[110.448,110.448,100]}],"ix":6,"l":2}},"ao":0,"w":100,"h":100,"ip":7,"op":157,"st":7,"bm":0},{"ddd":0,"ind":37,"ty":0,"nm":"_diamond","refId":"comp_1","sr":1,"ks":{"o":{"a":1,"k":[{"i":{"x":[0.833],"y":[0.833]},"o":{"x":[0.167],"y":[0.167]},"t":42,"s":[100]},{"t":56,"s":[0]}],"ix":11},"r":{"a":0,"k":68,"ix":10},"p":{"s":true,"x":{"a":1,"k":[{"i":{"x":[0.36],"y":[0.645]},"o":{"x":[0.333],"y":[0]},"t":7,"s":[536.047]},{"t":47,"s":[215.559]}],"ix":3},"y":{"a":1,"k":[{"i":{"x":[0],"y":[1]},"o":{"x":[0.333],"y":[0]},"t":7,"s":[838.422]},{"t":47,"s":[224.586]}],"ix":4}},"a":{"a":0,"k":[50,50,0],"ix":1,"l":2},"s":{"a":1,"k":[{"i":{"x":[0.833,0.833,0.833],"y":[0.833,0.833,0.833]},"o":{"x":[0.167,0.167,0.167],"y":[0.167,0.167,0.167]},"t":7,"s":[0,0,100]},{"t":37,"s":[84.96,84.96,100]}],"ix":6,"l":2}},"ao":0,"w":100,"h":100,"ip":7,"op":157,"st":7,"bm":0},{"ddd":0,"ind":38,"ty":0,"nm":"_diamond","refId":"comp_1","sr":1,"ks":{"o":{"a":1,"k":[{"i":{"x":[0.833],"y":[0.833]},"o":{"x":[0.167],"y":[0.167]},"t":42,"s":[100]},{"t":56,"s":[0]}],"ix":11},"r":{"a":0,"k":34,"ix":10},"p":{"s":true,"x":{"a":1,"k":[{"i":{"x":[0.53],"y":[0.526]},"o":{"x":[0.333],"y":[0]},"t":7,"s":[536.047]},{"t":47,"s":[499.113]}],"ix":3},"y":{"a":1,"k":[{"i":{"x":[0],"y":[1]},"o":{"x":[0.333],"y":[0]},"t":7,"s":[838.422]},{"t":47,"s":[164.583]}],"ix":4}},"a":{"a":0,"k":[50,50,0],"ix":1,"l":2},"s":{"a":1,"k":[{"i":{"x":[0.833,0.833,0.833],"y":[0.833,0.833,0.833]},"o":{"x":[0.167,0.167,0.167],"y":[0.167,0.167,0.167]},"t":7,"s":[0,0,100]},{"t":37,"s":[45.666,45.666,100]}],"ix":6,"l":2}},"ao":0,"w":100,"h":100,"ip":7,"op":157,"st":7,"bm":0},{"ddd":0,"ind":39,"ty":0,"nm":"_cross","refId":"comp_2","sr":1,"ks":{"o":{"a":1,"k":[{"i":{"x":[0.833],"y":[0.833]},"o":{"x":[0.167],"y":[0.167]},"t":42,"s":[100]},{"t":56,"s":[0]}],"ix":11},"r":{"a":0,"k":-16,"ix":10},"p":{"s":true,"x":{"a":1,"k":[{"i":{"x":[0.321],"y":[0.757]},"o":{"x":[0.333],"y":[0]},"t":7,"s":[536.047]},{"t":47,"s":[184.23]}],"ix":3},"y":{"a":1,"k":[{"i":{"x":[0],"y":[1]},"o":{"x":[0.333],"y":[0]},"t":7,"s":[838.422]},{"t":47,"s":[305.298]}],"ix":4}},"a":{"a":0,"k":[50,50,0],"ix":1,"l":2},"s":{"a":1,"k":[{"i":{"x":[0.833,0.833,0.833],"y":[0.833,0.833,0.833]},"o":{"x":[0.167,0.167,0.167],"y":[0.167,0.167,0.167]},"t":7,"s":[0,0,100]},{"t":37,"s":[76.464,76.464,100]}],"ix":6,"l":2}},"ao":0,"w":100,"h":100,"ip":7,"op":217,"st":7,"bm":0},{"ddd":0,"ind":40,"ty":0,"nm":"_cross","refId":"comp_2","sr":1,"ks":{"o":{"a":1,"k":[{"i":{"x":[0.833],"y":[0.833]},"o":{"x":[0.167],"y":[0.167]},"t":42,"s":[100]},{"t":56,"s":[0]}],"ix":11},"r":{"a":0,"k":-17,"ix":10},"p":{"s":true,"x":{"a":1,"k":[{"i":{"x":[0.43],"y":[0.659]},"o":{"x":[0.333],"y":[0]},"t":7,"s":[536.047]},{"t":47,"s":[401.94]}],"ix":3},"y":{"a":1,"k":[{"i":{"x":[0],"y":[1]},"o":{"x":[0.333],"y":[0]},"t":7,"s":[838.422]},{"t":47,"s":[119.448]}],"ix":4}},"a":{"a":0,"k":[50,50,0],"ix":1,"l":2},"s":{"a":1,"k":[{"i":{"x":[0.833,0.833,0.833],"y":[0.833,0.833,0.833]},"o":{"x":[0.167,0.167,0.167],"y":[0.167,0.167,0.167]},"t":7,"s":[0,0,100]},{"t":37,"s":[76.464,76.464,100]}],"ix":6,"l":2}},"ao":0,"w":100,"h":100,"ip":7,"op":217,"st":7,"bm":0},{"ddd":0,"ind":41,"ty":0,"nm":"_circle","refId":"comp_3","sr":1,"ks":{"o":{"a":1,"k":[{"i":{"x":[0.833],"y":[0.833]},"o":{"x":[0.167],"y":[0.167]},"t":42,"s":[100]},{"t":56,"s":[0]}],"ix":11},"r":{"a":0,"k":0,"ix":10},"p":{"s":true,"x":{"a":1,"k":[{"i":{"x":[0.393],"y":[0.673]},"o":{"x":[0.333],"y":[0]},"t":7,"s":[536.047]},{"t":47,"s":[363.708]}],"ix":3},"y":{"a":1,"k":[{"i":{"x":[0],"y":[1]},"o":{"x":[0.333],"y":[0]},"t":7,"s":[838.422]},{"t":47,"s":[195.912]}],"ix":4}},"a":{"a":0,"k":[50,50,0],"ix":1,"l":2},"s":{"a":1,"k":[{"i":{"x":[0.833,0.833,0.833],"y":[0.833,0.833,0.833]},"o":{"x":[0.167,0.167,0.167],"y":[0.167,0.167,0.167]},"t":7,"s":[0,0,100]},{"t":37,"s":[60.534,60.534,100]}],"ix":6,"l":2}},"ao":0,"w":100,"h":100,"ip":7,"op":157,"st":7,"bm":0},{"ddd":0,"ind":42,"ty":0,"nm":"_circle","refId":"comp_3","sr":1,"ks":{"o":{"a":1,"k":[{"i":{"x":[0.833],"y":[0.833]},"o":{"x":[0.167],"y":[0.167]},"t":42,"s":[100]},{"t":56,"s":[0]}],"ix":11},"r":{"a":0,"k":0,"ix":10},"p":{"s":true,"x":{"a":1,"k":[{"i":{"x":[0.278],"y":[0.703]},"o":{"x":[0.333],"y":[0]},"t":7,"s":[536.047]},{"t":47,"s":[940.374]}],"ix":3},"y":{"a":1,"k":[{"i":{"x":[0.033],"y":[1.063]},"o":{"x":[0.333],"y":[0]},"t":7,"s":[838.422]},{"t":47,"s":[350.433]}],"ix":4}},"a":{"a":0,"k":[50,50,0],"ix":1,"l":2},"s":{"a":1,"k":[{"i":{"x":[0.833,0.833,0.833],"y":[0.833,0.833,0.833]},"o":{"x":[0.167,0.167,0.167],"y":[0.167,0.167,0.167]},"t":7,"s":[0,0,100]},{"t":37,"s":[123.192,123.192,100]}],"ix":6,"l":2}},"ao":0,"w":100,"h":100,"ip":7,"op":157,"st":7,"bm":0},{"ddd":0,"ind":43,"ty":0,"nm":"_circle","refId":"comp_3","sr":1,"ks":{"o":{"a":1,"k":[{"i":{"x":[0.833],"y":[0.833]},"o":{"x":[0.167],"y":[0.167]},"t":42,"s":[100]},{"t":56,"s":[0]}],"ix":11},"r":{"a":0,"k":0,"ix":10},"p":{"s":true,"x":{"a":1,"k":[{"i":{"x":[0.242],"y":[0.704]},"o":{"x":[0.333],"y":[0]},"t":7,"s":[536.047]},{"t":47,"s":[79.623]}],"ix":3},"y":{"a":1,"k":[{"i":{"x":[0.043],"y":[1.122]},"o":{"x":[0.333],"y":[0]},"t":7,"s":[838.422]},{"t":47,"s":[338.751]}],"ix":4}},"a":{"a":0,"k":[50,50,0],"ix":1,"l":2},"s":{"a":1,"k":[{"i":{"x":[0.833,0.833,0.833],"y":[0.833,0.833,0.833]},"o":{"x":[0.167,0.167,0.167],"y":[0.167,0.167,0.167]},"t":7,"s":[0,0,100]},{"t":37,"s":[121.068,121.068,100]}],"ix":6,"l":2}},"ao":0,"w":100,"h":100,"ip":7,"op":157,"st":7,"bm":0},{"ddd":0,"ind":44,"ty":0,"nm":"_zig zag","refId":"comp_4","sr":1,"ks":{"o":{"a":1,"k":[{"i":{"x":[0.833],"y":[0.833]},"o":{"x":[0.167],"y":[0.167]},"t":42,"s":[100]},{"t":56,"s":[0]}],"ix":11},"r":{"a":0,"k":-29,"ix":10},"p":{"s":true,"x":{"a":1,"k":[{"i":{"x":[0.249],"y":[0.588]},"o":{"x":[0.333],"y":[0]},"t":7,"s":[536.047]},{"t":47,"s":[896.301]}],"ix":3},"y":{"a":1,"k":[{"i":{"x":[0],"y":[1]},"o":{"x":[0.333],"y":[0]},"t":7,"s":[838.422]},{"t":47,"s":[284.589]}],"ix":4}},"a":{"a":0,"k":[50,50,0],"ix":1,"l":2},"s":{"a":1,"k":[{"i":{"x":[0.833,0.833,0.833],"y":[0.833,0.833,0.833]},"o":{"x":[0.167,0.167,0.167],"y":[0.167,0.167,0.167]},"t":7,"s":[0,0,100]},{"t":37,"s":[78.588,78.588,100]}],"ix":6,"l":2}},"ao":0,"w":100,"h":100,"ip":7,"op":187,"st":7,"bm":0},{"ddd":0,"ind":45,"ty":0,"nm":"_zig zag","refId":"comp_4","sr":1,"ks":{"o":{"a":1,"k":[{"i":{"x":[0.833],"y":[0.833]},"o":{"x":[0.167],"y":[0.167]},"t":42,"s":[100]},{"t":56,"s":[0]}],"ix":11},"r":{"a":0,"k":24,"ix":10},"p":{"s":true,"x":{"a":1,"k":[{"i":{"x":[0.415],"y":[0.635]},"o":{"x":[0.333],"y":[0]},"t":7,"s":[536.047]},{"t":47,"s":[456.633]}],"ix":3},"y":{"a":1,"k":[{"i":{"x":[0],"y":[1]},"o":{"x":[0.333],"y":[0]},"t":7,"s":[838.422]},{"t":47,"s":[186.885]}],"ix":4}},"a":{"a":0,"k":[50,50,0],"ix":1,"l":2},"s":{"a":1,"k":[{"i":{"x":[0.833,0.833,0.833],"y":[0.833,0.833,0.833]},"o":{"x":[0.167,0.167,0.167],"y":[0.167,0.167,0.167]},"t":7,"s":[0,0,100]},{"t":37,"s":[78.588,78.588,100]}],"ix":6,"l":2}},"ao":0,"w":100,"h":100,"ip":7,"op":187,"st":7,"bm":0},{"ddd":0,"ind":46,"ty":0,"nm":"_zig zag","refId":"comp_4","sr":1,"ks":{"o":{"a":1,"k":[{"i":{"x":[0.833],"y":[0.833]},"o":{"x":[0.167],"y":[0.167]},"t":42,"s":[100]},{"t":56,"s":[0]}],"ix":11},"r":{"a":0,"k":10,"ix":10},"p":{"s":true,"x":{"a":1,"k":[{"i":{"x":[0.281],"y":[0.717]},"o":{"x":[0.333],"y":[0]},"t":7,"s":[536.047]},{"t":47,"s":[31.833]}],"ix":3},"y":{"a":1,"k":[{"i":{"x":[0.087],"y":[1.157]},"o":{"x":[0.333],"y":[0]},"t":7,"s":[838.422]},{"t":47,"s":[394.506]}],"ix":4}},"a":{"a":0,"k":[50,50,0],"ix":1,"l":2},"s":{"a":1,"k":[{"i":{"x":[0.833,0.833,0.833],"y":[0.833,0.833,0.833]},"o":{"x":[0.167,0.167,0.167],"y":[0.167,0.167,0.167]},"t":7,"s":[0,0,100]},{"t":37,"s":[78.588,78.588,100]}],"ix":6,"l":2}},"ao":0,"w":100,"h":100,"ip":7,"op":187,"st":7,"bm":0}],"markers":[]}